worker_id,instance,rating_score
A37Y0ZB2TBZLFD,51de654e6985688b6997077739cd59c2_gpt4,89
A37Y0ZB2TBZLFD,51f07ffd318edcddfa2f7fb6103c14da_gpt4,92
A37Y0ZB2TBZLFD,946ef47a2bdfd2b63c751c35ee67a82c_gpt4,87
A37Y0ZB2TBZLFD,d88e9532b4922da6ecb543c4e4bc828f_gpt4,85
A37Y0ZB2TBZLFD,0eb69b5181fbfb55f7db70a5a435d0c0_gpt35,88
A37Y0ZB2TBZLFD,67b95ed0c78485194622428b73f99ab6_gpt35,13
A37Y0ZB2TBZLFD,9268e416f5a9768d6f5b7de6e596b083_gpt35,89
A37Y0ZB2TBZLFD,dc1f24a9c2312fe8abe2a5dbdf6f35b9_gpt35,17
A37Y0ZB2TBZLFD,0784404b9548c2f913fc983f85a68885_llama2-70b,89
A37Y0ZB2TBZLFD,3abcc04d9af972c49e3635f30343a4aa_llama2-70b,89
A37Y0ZB2TBZLFD,ec074dc7e8e07ee7d642fc232c631fcf_llama2-70b,90
A37Y0ZB2TBZLFD,fe1e9530cf29ced7dbf8096de929fb67_llama2-70b,84
A37Y0ZB2TBZLFD,3700c4bb1e8354976207f11b9577d1bd_llama2-70b,96
A37Y0ZB2TBZLFD,59d8a1fe2b05e6ed62fce3c7d561287e_llama2-70b,93
A37Y0ZB2TBZLFD,d01b52c050a578bada210b44f959beb3_llama2-70b,92
A37Y0ZB2TBZLFD,d30bd3615322f678369e332b02be5091_llama2-70b,11
A37Y0ZB2TBZLFD,44701d7f1144f60929701fbaeefe8415_llama2-70b,82
A37Y0ZB2TBZLFD,7b6c86dee31757abd4e0638e90adbe09_llama2-70b,16
A37Y0ZB2TBZLFD,a020dac9dcff53d143165d7a465aa0f9_llama2-70b,82
A37Y0ZB2TBZLFD,dd1b6f76641236daf7e81542e99c42db_llama2-70b,17
A1GS52JKRG5BC3,51de654e6985688b6997077739cd59c2_gpt4,13
A1GS52JKRG5BC3,51f07ffd318edcddfa2f7fb6103c14da_gpt4,84
A1GS52JKRG5BC3,946ef47a2bdfd2b63c751c35ee67a82c_gpt4,11
A1GS52JKRG5BC3,d88e9532b4922da6ecb543c4e4bc828f_gpt4,9
A1GS52JKRG5BC3,a49551f75da3400d4e394ff9ec0de104_gpt4,5
A1GS52JKRG5BC3,bddbb16d7f0f1189e10c31c8d7eb219f_gpt4,7
A1GS52JKRG5BC3,e2f329ba8673600592e1cec1826d0233_gpt4,74
A1GS52JKRG5BC3,e66f6ad36cd11d1ffd60f4454c8b17dc_gpt4,73
A1GS52JKRG5BC3,1643f3e44c9bcb8fd85e679188e9526a_gpt4,24
A1GS52JKRG5BC3,3f07314f131266088fea3b991c37cfbe_gpt4,66
A1GS52JKRG5BC3,4d74e871e8b730bdd3f4d5413530d3bd_gpt4,12
A1GS52JKRG5BC3,a0f636588f6a5ed0544c513bc9498445_gpt4,74
A1GS52JKRG5BC3,0fc55c62ac111cc39495b214c65aab29_gpt35,83
A1GS52JKRG5BC3,636f0aea25022f4a3d4f60dae3b77a4d_gpt35,91
A1GS52JKRG5BC3,a74ea124fc03521b4e5b4c37a1f55cc0_gpt35,93
A1GS52JKRG5BC3,e7389561eac2cfd1ab2f83a5327df55d_gpt35,86
A1GS52JKRG5BC3,a49551f75da3400d4e394ff9ec0de104_gpt35,77
A1GS52JKRG5BC3,bddbb16d7f0f1189e10c31c8d7eb219f_gpt35,86
A1GS52JKRG5BC3,e2f329ba8673600592e1cec1826d0233_gpt35,85
A1GS52JKRG5BC3,e66f6ad36cd11d1ffd60f4454c8b17dc_gpt35,87
A1GS52JKRG5BC3,132cc0e006a0453ef7923e886bfe053d_llama2-70b,73
A1GS52JKRG5BC3,1a48a50600650b62e10587f5a6356255_llama2-70b,59
A1GS52JKRG5BC3,c0e7f464cfb61636a24f8e2f3b8f2ab1_llama2-70b,65
A1GS52JKRG5BC3,c528f5e53e029fee09e6d1c0fb03078a_llama2-70b,10
A1GS52JKRG5BC3,1420df045728c9f0cd0be4605734a3b0_llama2-70b,74
A1GS52JKRG5BC3,29e542006ba432a0caf10947b672c7d0_llama2-70b,91
A1GS52JKRG5BC3,bd7efc7c7481055ccb4ee2cf78bf3034_llama2-70b,93
A1GS52JKRG5BC3,e9de43e464b2a30e6859c2dd36f932f5_llama2-70b,6
A1GS52JKRG5BC3,1643f3e44c9bcb8fd85e679188e9526a_llama2-70b,8
A1GS52JKRG5BC3,3f07314f131266088fea3b991c37cfbe_llama2-70b,66
A1GS52JKRG5BC3,4d74e871e8b730bdd3f4d5413530d3bd_llama2-70b,11
A1GS52JKRG5BC3,a0f636588f6a5ed0544c513bc9498445_llama2-70b,8
AP3Z76RH2IE8O,51de654e6985688b6997077739cd59c2_gpt4,11
AP3Z76RH2IE8O,51f07ffd318edcddfa2f7fb6103c14da_gpt4,79
AP3Z76RH2IE8O,946ef47a2bdfd2b63c751c35ee67a82c_gpt4,76
AP3Z76RH2IE8O,d88e9532b4922da6ecb543c4e4bc828f_gpt4,14
AP3Z76RH2IE8O,0fc55c62ac111cc39495b214c65aab29_gpt4,81
AP3Z76RH2IE8O,636f0aea25022f4a3d4f60dae3b77a4d_gpt4,85
AP3Z76RH2IE8O,a74ea124fc03521b4e5b4c37a1f55cc0_gpt4,9
AP3Z76RH2IE8O,e7389561eac2cfd1ab2f83a5327df55d_gpt4,6
AP3Z76RH2IE8O,06b3afa146800484bf727f9d33e4e9f2_gpt4,85
AP3Z76RH2IE8O,3ee7bbf6b00d0dbeb1e8556c04b777c2_gpt4,87
AP3Z76RH2IE8O,520d516ab00c156c492b5fd1e45d2ff3_gpt4,90
AP3Z76RH2IE8O,e566995b2bc4b20ae5c027f79547554c_gpt4,88
AP3Z76RH2IE8O,020d547223b1dd78b09a4294faad27bb_gpt35,72
AP3Z76RH2IE8O,837db1a79f848c4c64fd8f994ccb6b3a_gpt35,64
AP3Z76RH2IE8O,a89cb42b83657f191d4abc29683ff669_gpt35,82
AP3Z76RH2IE8O,eda191b158a72f99c4e59b3e8c3f5a99_gpt35,17
AP3Z76RH2IE8O,4063365859c7241903fb4f96c7d96688_llama2-70b,74
AP3Z76RH2IE8O,4ddbe893fac8b26af866c9ba1766f481_llama2-70b,76
AP3Z76RH2IE8O,6a45466cfe77a2a109a3177309549923_llama2-70b,84
AP3Z76RH2IE8O,870d21ac1ed82b572f512d56c83f8c04_llama2-70b,65
AP3Z76RH2IE8O,35054e8285636c8d9d94f73635f3fad2_llama2-70b,79
AP3Z76RH2IE8O,82f2cb3c64ef3da58f0295b90f087d2e_llama2-70b,73
AP3Z76RH2IE8O,898cf5f1aa59c0bfdf9bbb18d0c7a6e6_llama2-70b,64
AP3Z76RH2IE8O,b6f5d0b8201786f2277379237d8954b7_llama2-70b,73
AP3Z76RH2IE8O,1420df045728c9f0cd0be4605734a3b0_llama2-70b,66
AP3Z76RH2IE8O,29e542006ba432a0caf10947b672c7d0_llama2-70b,75
AP3Z76RH2IE8O,bd7efc7c7481055ccb4ee2cf78bf3034_llama2-70b,37
AP3Z76RH2IE8O,e9de43e464b2a30e6859c2dd36f932f5_llama2-70b,73
A34H5VDE6B62VN,51de654e6985688b6997077739cd59c2_gpt4,7
A34H5VDE6B62VN,51f07ffd318edcddfa2f7fb6103c14da_gpt4,82
A34H5VDE6B62VN,946ef47a2bdfd2b63c751c35ee67a82c_gpt4,70
A34H5VDE6B62VN,d88e9532b4922da6ecb543c4e4bc828f_gpt4,14
A34H5VDE6B62VN,0eb69b5181fbfb55f7db70a5a435d0c0_gpt4,88
A34H5VDE6B62VN,67b95ed0c78485194622428b73f99ab6_gpt4,17
A34H5VDE6B62VN,9268e416f5a9768d6f5b7de6e596b083_gpt4,87
A34H5VDE6B62VN,dc1f24a9c2312fe8abe2a5dbdf6f35b9_gpt4,9
A34H5VDE6B62VN,2b93003f1ce21d36d16e519ec583e3da_gpt4,11
A34H5VDE6B62VN,2d34a3aea4d3c073f21fb90919d00f37_gpt4,82
A34H5VDE6B62VN,4bc1f679ff7cfe6b56848f9b09d5aaaa_gpt4,90
A34H5VDE6B62VN,93ac268f2f4d23432e6a1f83ac4f8903_gpt4,23
A34H5VDE6B62VN,06b3afa146800484bf727f9d33e4e9f2_gpt35,13
A34H5VDE6B62VN,3ee7bbf6b00d0dbeb1e8556c04b777c2_gpt35,84
A34H5VDE6B62VN,520d516ab00c156c492b5fd1e45d2ff3_gpt35,95
A34H5VDE6B62VN,e566995b2bc4b20ae5c027f79547554c_gpt35,91
A34H5VDE6B62VN,0125ad6bdbdebb865949ea7357d32657_gpt35,90
A34H5VDE6B62VN,22ed5820b84b8f241fb82eafbdc88546_gpt35,6
A34H5VDE6B62VN,d60a52137ddb86ba506e367f62498bfd_gpt35,7
A34H5VDE6B62VN,f8beab78ae49d789bf752d45d980b505_gpt35,93
A34H5VDE6B62VN,7050b0a62e1b7ce21ce43393d9220cfa_llama2-70b,84
A34H5VDE6B62VN,7b7cde1eeb0dd59d5e9466229fa74855_llama2-70b,78
A34H5VDE6B62VN,b79ae5ea542449e6e75a39b405c6b98c_llama2-70b,84
A34H5VDE6B62VN,ec060b3aae1183c5e1731e3cba034e85_llama2-70b,79
A34H5VDE6B62VN,a49551f75da3400d4e394ff9ec0de104_llama2-70b,79
A34H5VDE6B62VN,bddbb16d7f0f1189e10c31c8d7eb219f_llama2-70b,81
A34H5VDE6B62VN,e2f329ba8673600592e1cec1826d0233_llama2-70b,20
A34H5VDE6B62VN,e66f6ad36cd11d1ffd60f4454c8b17dc_llama2-70b,86
A34H5VDE6B62VN,0125ad6bdbdebb865949ea7357d32657_llama2-70b,82
A34H5VDE6B62VN,22ed5820b84b8f241fb82eafbdc88546_llama2-70b,29
A34H5VDE6B62VN,d60a52137ddb86ba506e367f62498bfd_llama2-70b,22
A34H5VDE6B62VN,f8beab78ae49d789bf752d45d980b505_llama2-70b,30
A3Q3PI7WKSSTZN,51de654e6985688b6997077739cd59c2_gpt4,88
A3Q3PI7WKSSTZN,51f07ffd318edcddfa2f7fb6103c14da_gpt4,86
A3Q3PI7WKSSTZN,946ef47a2bdfd2b63c751c35ee67a82c_gpt4,87
A3Q3PI7WKSSTZN,d88e9532b4922da6ecb543c4e4bc828f_gpt4,90
A3Q3PI7WKSSTZN,3e4918c0c8e4838c32ed77f8467399c6_gpt4,80
A3Q3PI7WKSSTZN,688bde5344b80bbcdb650e9f7bb354fc_gpt4,85
A3Q3PI7WKSSTZN,a4829132b492a50c9bbb822b9dfe8ba1_gpt4,79
A3Q3PI7WKSSTZN,ea49d042c5bbf91c1917dc97ecf4b0a5_gpt4,88
A3Q3PI7WKSSTZN,44701d7f1144f60929701fbaeefe8415_gpt4,82
A3Q3PI7WKSSTZN,7b6c86dee31757abd4e0638e90adbe09_gpt4,15
A3Q3PI7WKSSTZN,a020dac9dcff53d143165d7a465aa0f9_gpt4,9
A3Q3PI7WKSSTZN,dd1b6f76641236daf7e81542e99c42db_gpt4,88
A3Q3PI7WKSSTZN,06b3afa146800484bf727f9d33e4e9f2_gpt35,88
A3Q3PI7WKSSTZN,3ee7bbf6b00d0dbeb1e8556c04b777c2_gpt35,89
A3Q3PI7WKSSTZN,520d516ab00c156c492b5fd1e45d2ff3_gpt35,87
A3Q3PI7WKSSTZN,e566995b2bc4b20ae5c027f79547554c_gpt35,82
A3Q3PI7WKSSTZN,8d4be55e4176091d498e180d5e3fcdec_llama2-70b,84
A3Q3PI7WKSSTZN,9801595161cccfe42b25261d94b183bb_llama2-70b,27
A3Q3PI7WKSSTZN,982d99462b7f64f9e9b144bf389f1805_llama2-70b,83
A3Q3PI7WKSSTZN,bb552d64f9cf94fe787fb5a76e005364_llama2-70b,38
A3Q3PI7WKSSTZN,01630cce10f88c316eef89303fd05ee7_llama2-70b,89
A3Q3PI7WKSSTZN,421e3a4e4e22b76cc1a54a315da1ae36_llama2-70b,30
A3Q3PI7WKSSTZN,ab0dbc5a18f680badf21470dd8887d37_llama2-70b,87
A3Q3PI7WKSSTZN,d04b95aee316ff794f7ab76fcab638f4_llama2-70b,81
A3Q3PI7WKSSTZN,0bede8b87fbe1b9a62d1af8c72803e89_llama2-70b,81
A3Q3PI7WKSSTZN,9d297e57c5a58599a68033e3af37e721_llama2-70b,80
A3Q3PI7WKSSTZN,bad4aad54dcb14c4092b4174907aced3_llama2-70b,78
A3Q3PI7WKSSTZN,e18a61f69136d4c282b2ee9edbf3b262_llama2-70b,84
A30T090BGM0IMI,020d547223b1dd78b09a4294faad27bb_gpt4,91
A30T090BGM0IMI,837db1a79f848c4c64fd8f994ccb6b3a_gpt4,69
A30T090BGM0IMI,a89cb42b83657f191d4abc29683ff669_gpt4,89
A30T090BGM0IMI,eda191b158a72f99c4e59b3e8c3f5a99_gpt4,93
A30T090BGM0IMI,a49551f75da3400d4e394ff9ec0de104_gpt4,90
A30T090BGM0IMI,bddbb16d7f0f1189e10c31c8d7eb219f_gpt4,96
A30T090BGM0IMI,e2f329ba8673600592e1cec1826d0233_gpt4,31
A30T090BGM0IMI,e66f6ad36cd11d1ffd60f4454c8b17dc_gpt4,88
A30T090BGM0IMI,3700c4bb1e8354976207f11b9577d1bd_gpt35,73
A30T090BGM0IMI,59d8a1fe2b05e6ed62fce3c7d561287e_gpt35,98
A30T090BGM0IMI,d01b52c050a578bada210b44f959beb3_gpt35,80
A30T090BGM0IMI,d30bd3615322f678369e332b02be5091_gpt35,54
A30T090BGM0IMI,0883e481739f6ebfe3a2c564153e94a5_gpt35,95
A30T090BGM0IMI,5b10b998f02dd8314afe487bab53626a_gpt35,97
A30T090BGM0IMI,7202fca7eaec1f583cd2000c2d71c2d7_gpt35,93
A30T090BGM0IMI,89694e30b2b62b5a646a0ed9cbc38788_gpt35,98
A30T090BGM0IMI,0eb69b5181fbfb55f7db70a5a435d0c0_gpt35,72
A30T090BGM0IMI,67b95ed0c78485194622428b73f99ab6_gpt35,92
A30T090BGM0IMI,9268e416f5a9768d6f5b7de6e596b083_gpt35,80
A30T090BGM0IMI,dc1f24a9c2312fe8abe2a5dbdf6f35b9_gpt35,90
A30T090BGM0IMI,06b3afa146800484bf727f9d33e4e9f2_gpt35,63
A30T090BGM0IMI,3ee7bbf6b00d0dbeb1e8556c04b777c2_gpt35,94
A30T090BGM0IMI,520d516ab00c156c492b5fd1e45d2ff3_gpt35,67
A30T090BGM0IMI,e566995b2bc4b20ae5c027f79547554c_gpt35,83
A30T090BGM0IMI,61dcc08cdd85688e0f1a137036c89b74_gpt35,85
A30T090BGM0IMI,89d71943b387e6d5b70438ffa3dd8925_gpt35,58
A30T090BGM0IMI,bbeddfca550988ff6bddfc246c2e4436_gpt35,77
A30T090BGM0IMI,dedfd06ec00b86a90417aec111fce87f_gpt35,87
A2BC5O377KEL6N,020d547223b1dd78b09a4294faad27bb_gpt4,62
A2BC5O377KEL6N,837db1a79f848c4c64fd8f994ccb6b3a_gpt4,68
A2BC5O377KEL6N,a89cb42b83657f191d4abc29683ff669_gpt4,77
A2BC5O377KEL6N,eda191b158a72f99c4e59b3e8c3f5a99_gpt4,29
A2BC5O377KEL6N,132cc0e006a0453ef7923e886bfe053d_gpt4,87
A2BC5O377KEL6N,1a48a50600650b62e10587f5a6356255_gpt4,81
A2BC5O377KEL6N,c0e7f464cfb61636a24f8e2f3b8f2ab1_gpt4,84
A2BC5O377KEL6N,c528f5e53e029fee09e6d1c0fb03078a_gpt4,87
A2BC5O377KEL6N,1420df045728c9f0cd0be4605734a3b0_gpt4,36
A2BC5O377KEL6N,29e542006ba432a0caf10947b672c7d0_gpt4,63
A2BC5O377KEL6N,bd7efc7c7481055ccb4ee2cf78bf3034_gpt4,76
A2BC5O377KEL6N,e9de43e464b2a30e6859c2dd36f932f5_gpt4,79
A2BC5O377KEL6N,3e4918c0c8e4838c32ed77f8467399c6_gpt35,66
A2BC5O377KEL6N,688bde5344b80bbcdb650e9f7bb354fc_gpt35,38
A2BC5O377KEL6N,a4829132b492a50c9bbb822b9dfe8ba1_gpt35,83
A2BC5O377KEL6N,ea49d042c5bbf91c1917dc97ecf4b0a5_gpt35,74
A2BC5O377KEL6N,1420df045728c9f0cd0be4605734a3b0_gpt35,71
A2BC5O377KEL6N,29e542006ba432a0caf10947b672c7d0_gpt35,73
A2BC5O377KEL6N,bd7efc7c7481055ccb4ee2cf78bf3034_gpt35,38
A2BC5O377KEL6N,e9de43e464b2a30e6859c2dd36f932f5_gpt35,71
A2BC5O377KEL6N,42dba2241ed1ef7e6c707aaa61e3aff2_llama2-70b,79
A2BC5O377KEL6N,50337af9e43e1c0443c712671b753a99_llama2-70b,77
A2BC5O377KEL6N,530a094b9fbf479c784a1ce67e47c6b4_llama2-70b,14
A2BC5O377KEL6N,b9ea41b22f020eff5ea1f09507904630_llama2-70b,82
A2BC5O377KEL6N,0eb69b5181fbfb55f7db70a5a435d0c0_llama2-70b,86
A2BC5O377KEL6N,67b95ed0c78485194622428b73f99ab6_llama2-70b,29
A2BC5O377KEL6N,9268e416f5a9768d6f5b7de6e596b083_llama2-70b,5
A2BC5O377KEL6N,dc1f24a9c2312fe8abe2a5dbdf6f35b9_llama2-70b,83
A2BC5O377KEL6N,2b93003f1ce21d36d16e519ec583e3da_llama2-70b,4
A2BC5O377KEL6N,2d34a3aea4d3c073f21fb90919d00f37_llama2-70b,84
A2BC5O377KEL6N,4bc1f679ff7cfe6b56848f9b09d5aaaa_llama2-70b,9
A2BC5O377KEL6N,93ac268f2f4d23432e6a1f83ac4f8903_llama2-70b,83
A2W91LUNJYMM4N,020d547223b1dd78b09a4294faad27bb_gpt4,13
A2W91LUNJYMM4N,837db1a79f848c4c64fd8f994ccb6b3a_gpt4,18
A2W91LUNJYMM4N,a89cb42b83657f191d4abc29683ff669_gpt4,91
A2W91LUNJYMM4N,eda191b158a72f99c4e59b3e8c3f5a99_gpt4,91
A2W91LUNJYMM4N,01630cce10f88c316eef89303fd05ee7_gpt4,93
A2W91LUNJYMM4N,421e3a4e4e22b76cc1a54a315da1ae36_gpt4,94
A2W91LUNJYMM4N,ab0dbc5a18f680badf21470dd8887d37_gpt4,14
A2W91LUNJYMM4N,d04b95aee316ff794f7ab76fcab638f4_gpt4,91
A2W91LUNJYMM4N,132cc0e006a0453ef7923e886bfe053d_gpt4,93
A2W91LUNJYMM4N,1a48a50600650b62e10587f5a6356255_gpt4,91
A2W91LUNJYMM4N,c0e7f464cfb61636a24f8e2f3b8f2ab1_gpt4,75
A2W91LUNJYMM4N,c528f5e53e029fee09e6d1c0fb03078a_gpt4,15
A2W91LUNJYMM4N,0125ad6bdbdebb865949ea7357d32657_gpt35,84
A2W91LUNJYMM4N,22ed5820b84b8f241fb82eafbdc88546_gpt35,15
A2W91LUNJYMM4N,d60a52137ddb86ba506e367f62498bfd_gpt35,83
A2W91LUNJYMM4N,f8beab78ae49d789bf752d45d980b505_gpt35,87
A2W91LUNJYMM4N,42dba2241ed1ef7e6c707aaa61e3aff2_llama2-70b,24
A2W91LUNJYMM4N,50337af9e43e1c0443c712671b753a99_llama2-70b,31
A2W91LUNJYMM4N,530a094b9fbf479c784a1ce67e47c6b4_llama2-70b,31
A2W91LUNJYMM4N,b9ea41b22f020eff5ea1f09507904630_llama2-70b,25
A2W91LUNJYMM4N,3e4918c0c8e4838c32ed77f8467399c6_llama2-70b,24
A2W91LUNJYMM4N,688bde5344b80bbcdb650e9f7bb354fc_llama2-70b,77
A2W91LUNJYMM4N,a4829132b492a50c9bbb822b9dfe8ba1_llama2-70b,85
A2W91LUNJYMM4N,ea49d042c5bbf91c1917dc97ecf4b0a5_llama2-70b,27
A2W91LUNJYMM4N,132cc0e006a0453ef7923e886bfe053d_llama2-70b,83
A2W91LUNJYMM4N,1a48a50600650b62e10587f5a6356255_llama2-70b,83
A2W91LUNJYMM4N,c0e7f464cfb61636a24f8e2f3b8f2ab1_llama2-70b,28
A2W91LUNJYMM4N,c528f5e53e029fee09e6d1c0fb03078a_llama2-70b,30
A32YOD79DL837P,020d547223b1dd78b09a4294faad27bb_gpt4,92
A32YOD79DL837P,837db1a79f848c4c64fd8f994ccb6b3a_gpt4,89
A32YOD79DL837P,a89cb42b83657f191d4abc29683ff669_gpt4,91
A32YOD79DL837P,eda191b158a72f99c4e59b3e8c3f5a99_gpt4,91
A32YOD79DL837P,2b93003f1ce21d36d16e519ec583e3da_gpt4,89
A32YOD79DL837P,2d34a3aea4d3c073f21fb90919d00f37_gpt4,92
A32YOD79DL837P,4bc1f679ff7cfe6b56848f9b09d5aaaa_gpt4,93
A32YOD79DL837P,93ac268f2f4d23432e6a1f83ac4f8903_gpt4,92
A32YOD79DL837P,0784404b9548c2f913fc983f85a68885_llama2-70b,89
A32YOD79DL837P,3abcc04d9af972c49e3635f30343a4aa_llama2-70b,85
A32YOD79DL837P,ec074dc7e8e07ee7d642fc232c631fcf_llama2-70b,87
A32YOD79DL837P,fe1e9530cf29ced7dbf8096de929fb67_llama2-70b,85
A32YOD79DL837P,020d547223b1dd78b09a4294faad27bb_llama2-70b,17
A32YOD79DL837P,837db1a79f848c4c64fd8f994ccb6b3a_llama2-70b,89
A32YOD79DL837P,a89cb42b83657f191d4abc29683ff669_llama2-70b,13
A32YOD79DL837P,eda191b158a72f99c4e59b3e8c3f5a99_llama2-70b,13
A32YOD79DL837P,0125ad6bdbdebb865949ea7357d32657_llama2-70b,90
A32YOD79DL837P,22ed5820b84b8f241fb82eafbdc88546_llama2-70b,84
A32YOD79DL837P,d60a52137ddb86ba506e367f62498bfd_llama2-70b,82
A32YOD79DL837P,f8beab78ae49d789bf752d45d980b505_llama2-70b,91
A1M83YBOSAC9UQ,020d547223b1dd78b09a4294faad27bb_gpt4,94
A1M83YBOSAC9UQ,837db1a79f848c4c64fd8f994ccb6b3a_gpt4,91
A1M83YBOSAC9UQ,a89cb42b83657f191d4abc29683ff669_gpt4,93
A1M83YBOSAC9UQ,eda191b158a72f99c4e59b3e8c3f5a99_gpt4,92
A1M83YBOSAC9UQ,42dba2241ed1ef7e6c707aaa61e3aff2_gpt4,94
A1M83YBOSAC9UQ,50337af9e43e1c0443c712671b753a99_gpt4,95
A1M83YBOSAC9UQ,530a094b9fbf479c784a1ce67e47c6b4_gpt4,96
A1M83YBOSAC9UQ,b9ea41b22f020eff5ea1f09507904630_gpt4,95
A1M83YBOSAC9UQ,132cc0e006a0453ef7923e886bfe053d_gpt4,95
A1M83YBOSAC9UQ,1a48a50600650b62e10587f5a6356255_gpt4,97
A1M83YBOSAC9UQ,c0e7f464cfb61636a24f8e2f3b8f2ab1_gpt4,90
A1M83YBOSAC9UQ,c528f5e53e029fee09e6d1c0fb03078a_gpt4,94
A1M83YBOSAC9UQ,020d547223b1dd78b09a4294faad27bb_llama2-70b,82
A1M83YBOSAC9UQ,837db1a79f848c4c64fd8f994ccb6b3a_llama2-70b,7
A1M83YBOSAC9UQ,a89cb42b83657f191d4abc29683ff669_llama2-70b,84
A1M83YBOSAC9UQ,eda191b158a72f99c4e59b3e8c3f5a99_llama2-70b,7
A1M83YBOSAC9UQ,434f423391ea5ec6e9e85a87adc56d5c_llama2-70b,6
A1M83YBOSAC9UQ,5d8f28f1ea509f6061e752fed84ce382_llama2-70b,6
A1M83YBOSAC9UQ,66af23f535bc2f1bd77664734be18c01_llama2-70b,10
A1M83YBOSAC9UQ,8d7f8166c8bb6344d0b8f3c89af32039_llama2-70b,15
A1M83YBOSAC9UQ,0bede8b87fbe1b9a62d1af8c72803e89_llama2-70b,87
A1M83YBOSAC9UQ,9d297e57c5a58599a68033e3af37e721_llama2-70b,8
A1M83YBOSAC9UQ,bad4aad54dcb14c4092b4174907aced3_llama2-70b,84
A1M83YBOSAC9UQ,e18a61f69136d4c282b2ee9edbf3b262_llama2-70b,84
A3RTHA7MUNT5Z6,42dba2241ed1ef7e6c707aaa61e3aff2_gpt4,86
A3RTHA7MUNT5Z6,50337af9e43e1c0443c712671b753a99_gpt4,69
A3RTHA7MUNT5Z6,530a094b9fbf479c784a1ce67e47c6b4_gpt4,17
A3RTHA7MUNT5Z6,b9ea41b22f020eff5ea1f09507904630_gpt4,84
A3RTHA7MUNT5Z6,1420df045728c9f0cd0be4605734a3b0_gpt4,16
A3RTHA7MUNT5Z6,29e542006ba432a0caf10947b672c7d0_gpt4,80
A3RTHA7MUNT5Z6,bd7efc7c7481055ccb4ee2cf78bf3034_gpt4,81
A3RTHA7MUNT5Z6,e9de43e464b2a30e6859c2dd36f932f5_gpt4,82
A3RTHA7MUNT5Z6,7050b0a62e1b7ce21ce43393d9220cfa_gpt35,13
A3RTHA7MUNT5Z6,7b7cde1eeb0dd59d5e9466229fa74855_gpt35,84
A3RTHA7MUNT5Z6,b79ae5ea542449e6e75a39b405c6b98c_gpt35,90
A3RTHA7MUNT5Z6,ec060b3aae1183c5e1731e3cba034e85_gpt35,88
A3RTHA7MUNT5Z6,0eb69b5181fbfb55f7db70a5a435d0c0_llama2-70b,87
A3RTHA7MUNT5Z6,67b95ed0c78485194622428b73f99ab6_llama2-70b,27
A3RTHA7MUNT5Z6,9268e416f5a9768d6f5b7de6e596b083_llama2-70b,89
A3RTHA7MUNT5Z6,dc1f24a9c2312fe8abe2a5dbdf6f35b9_llama2-70b,22
A3RTHA7MUNT5Z6,35054e8285636c8d9d94f73635f3fad2_llama2-70b,83
A3RTHA7MUNT5Z6,82f2cb3c64ef3da58f0295b90f087d2e_llama2-70b,85
A3RTHA7MUNT5Z6,898cf5f1aa59c0bfdf9bbb18d0c7a6e6_llama2-70b,88
A3RTHA7MUNT5Z6,b6f5d0b8201786f2277379237d8954b7_llama2-70b,84
A3RTHA7MUNT5Z6,a49551f75da3400d4e394ff9ec0de104_llama2-70b,88
A3RTHA7MUNT5Z6,bddbb16d7f0f1189e10c31c8d7eb219f_llama2-70b,16
A3RTHA7MUNT5Z6,e2f329ba8673600592e1cec1826d0233_llama2-70b,74
A3RTHA7MUNT5Z6,e66f6ad36cd11d1ffd60f4454c8b17dc_llama2-70b,87
A2IXADH4RS1WEZ,42dba2241ed1ef7e6c707aaa61e3aff2_gpt4,100
A2IXADH4RS1WEZ,50337af9e43e1c0443c712671b753a99_gpt4,100
A2IXADH4RS1WEZ,530a094b9fbf479c784a1ce67e47c6b4_gpt4,100
A2IXADH4RS1WEZ,b9ea41b22f020eff5ea1f09507904630_gpt4,100
A2IXADH4RS1WEZ,01630cce10f88c316eef89303fd05ee7_gpt4,99
A2IXADH4RS1WEZ,421e3a4e4e22b76cc1a54a315da1ae36_gpt4,100
A2IXADH4RS1WEZ,ab0dbc5a18f680badf21470dd8887d37_gpt4,100
A2IXADH4RS1WEZ,d04b95aee316ff794f7ab76fcab638f4_gpt4,100
A206SYWM1TTSIF,42dba2241ed1ef7e6c707aaa61e3aff2_gpt4,89
A206SYWM1TTSIF,50337af9e43e1c0443c712671b753a99_gpt4,82
A206SYWM1TTSIF,530a094b9fbf479c784a1ce67e47c6b4_gpt4,87
A206SYWM1TTSIF,b9ea41b22f020eff5ea1f09507904630_gpt4,87
A206SYWM1TTSIF,7050b0a62e1b7ce21ce43393d9220cfa_gpt4,91
A206SYWM1TTSIF,7b7cde1eeb0dd59d5e9466229fa74855_gpt4,27
A206SYWM1TTSIF,b79ae5ea542449e6e75a39b405c6b98c_gpt4,90
A206SYWM1TTSIF,ec060b3aae1183c5e1731e3cba034e85_gpt4,84
A206SYWM1TTSIF,35054e8285636c8d9d94f73635f3fad2_gpt4,90
A206SYWM1TTSIF,82f2cb3c64ef3da58f0295b90f087d2e_gpt4,86
A206SYWM1TTSIF,898cf5f1aa59c0bfdf9bbb18d0c7a6e6_gpt4,84
A206SYWM1TTSIF,b6f5d0b8201786f2277379237d8954b7_gpt4,87
A206SYWM1TTSIF,0eb69b5181fbfb55f7db70a5a435d0c0_gpt35,78
A206SYWM1TTSIF,67b95ed0c78485194622428b73f99ab6_gpt35,88
A206SYWM1TTSIF,9268e416f5a9768d6f5b7de6e596b083_gpt35,74
A206SYWM1TTSIF,dc1f24a9c2312fe8abe2a5dbdf6f35b9_gpt35,86
A206SYWM1TTSIF,3e4918c0c8e4838c32ed77f8467399c6_gpt35,74
A206SYWM1TTSIF,688bde5344b80bbcdb650e9f7bb354fc_gpt35,72
A206SYWM1TTSIF,a4829132b492a50c9bbb822b9dfe8ba1_gpt35,73
A206SYWM1TTSIF,ea49d042c5bbf91c1917dc97ecf4b0a5_gpt35,94
A206SYWM1TTSIF,51de654e6985688b6997077739cd59c2_llama2-70b,97
A206SYWM1TTSIF,51f07ffd318edcddfa2f7fb6103c14da_llama2-70b,95
A206SYWM1TTSIF,946ef47a2bdfd2b63c751c35ee67a82c_llama2-70b,95
A206SYWM1TTSIF,d88e9532b4922da6ecb543c4e4bc828f_llama2-70b,97
A206SYWM1TTSIF,434f423391ea5ec6e9e85a87adc56d5c_llama2-70b,95
A206SYWM1TTSIF,5d8f28f1ea509f6061e752fed84ce382_llama2-70b,87
A206SYWM1TTSIF,66af23f535bc2f1bd77664734be18c01_llama2-70b,4
A206SYWM1TTSIF,8d7f8166c8bb6344d0b8f3c89af32039_llama2-70b,88
A206SYWM1TTSIF,1643f3e44c9bcb8fd85e679188e9526a_llama2-70b,4
A206SYWM1TTSIF,3f07314f131266088fea3b991c37cfbe_llama2-70b,93
A206SYWM1TTSIF,4d74e871e8b730bdd3f4d5413530d3bd_llama2-70b,94
A206SYWM1TTSIF,a0f636588f6a5ed0544c513bc9498445_llama2-70b,80
A206SYWM1TTSIF,0125ad6bdbdebb865949ea7357d32657_llama2-70b,92
A206SYWM1TTSIF,22ed5820b84b8f241fb82eafbdc88546_llama2-70b,88
A206SYWM1TTSIF,d60a52137ddb86ba506e367f62498bfd_llama2-70b,88
A206SYWM1TTSIF,f8beab78ae49d789bf752d45d980b505_llama2-70b,90
A206SYWM1TTSIF,2b93003f1ce21d36d16e519ec583e3da_llama2-70b,95
A206SYWM1TTSIF,2d34a3aea4d3c073f21fb90919d00f37_llama2-70b,95
A206SYWM1TTSIF,4bc1f679ff7cfe6b56848f9b09d5aaaa_llama2-70b,91
A206SYWM1TTSIF,93ac268f2f4d23432e6a1f83ac4f8903_llama2-70b,95
ATV5U0JEADJXZ,42dba2241ed1ef7e6c707aaa61e3aff2_gpt4,71
ATV5U0JEADJXZ,50337af9e43e1c0443c712671b753a99_gpt4,75
ATV5U0JEADJXZ,530a094b9fbf479c784a1ce67e47c6b4_gpt4,28
ATV5U0JEADJXZ,b9ea41b22f020eff5ea1f09507904630_gpt4,69
ATV5U0JEADJXZ,3700c4bb1e8354976207f11b9577d1bd_gpt4,84
ATV5U0JEADJXZ,59d8a1fe2b05e6ed62fce3c7d561287e_gpt4,82
ATV5U0JEADJXZ,d01b52c050a578bada210b44f959beb3_gpt4,86
ATV5U0JEADJXZ,d30bd3615322f678369e332b02be5091_gpt4,83
ATV5U0JEADJXZ,61dcc08cdd85688e0f1a137036c89b74_gpt4,85
ATV5U0JEADJXZ,89d71943b387e6d5b70438ffa3dd8925_gpt4,88
ATV5U0JEADJXZ,bbeddfca550988ff6bddfc246c2e4436_gpt4,18
ATV5U0JEADJXZ,dedfd06ec00b86a90417aec111fce87f_gpt4,82
ATV5U0JEADJXZ,0fc55c62ac111cc39495b214c65aab29_gpt35,89
ATV5U0JEADJXZ,636f0aea25022f4a3d4f60dae3b77a4d_gpt35,86
ATV5U0JEADJXZ,a74ea124fc03521b4e5b4c37a1f55cc0_gpt35,87
ATV5U0JEADJXZ,e7389561eac2cfd1ab2f83a5327df55d_gpt35,13
ATV5U0JEADJXZ,7050b0a62e1b7ce21ce43393d9220cfa_llama2-70b,77
ATV5U0JEADJXZ,7b7cde1eeb0dd59d5e9466229fa74855_llama2-70b,39
ATV5U0JEADJXZ,b79ae5ea542449e6e75a39b405c6b98c_llama2-70b,74
ATV5U0JEADJXZ,ec060b3aae1183c5e1731e3cba034e85_llama2-70b,69
ATV5U0JEADJXZ,0883e481739f6ebfe3a2c564153e94a5_llama2-70b,38
ATV5U0JEADJXZ,5b10b998f02dd8314afe487bab53626a_llama2-70b,67
ATV5U0JEADJXZ,7202fca7eaec1f583cd2000c2d71c2d7_llama2-70b,77
ATV5U0JEADJXZ,89694e30b2b62b5a646a0ed9cbc38788_llama2-70b,68
ATV5U0JEADJXZ,064c274a8b7c7f2a715d9a5c0d39857d_llama2-70b,67
ATV5U0JEADJXZ,80ad80b82cdc784964242a464be496aa_llama2-70b,70
ATV5U0JEADJXZ,a89a7562e7ca1249cc7f75c9657c53f2_llama2-70b,67
ATV5U0JEADJXZ,d11fba45bde4a769535df3b2bd9e540f_llama2-70b,63
A2N6SUG2FS534I,49e09e38e4f5e1dc8a1afe3bc1a47455_gpt4,59
A2N6SUG2FS534I,5fcea8dc3a3a4f89f589333d3acf453f_gpt4,80
A2N6SUG2FS534I,8bac6425b0e1af9936b4567c849a4b2e_gpt4,74
A2N6SUG2FS534I,fa0d4324a6b40ff0b67e2fe7615125fe_gpt4,67
A2N6SUG2FS534I,4063365859c7241903fb4f96c7d96688_gpt4,80
A2N6SUG2FS534I,4ddbe893fac8b26af866c9ba1766f481_gpt4,68
A2N6SUG2FS534I,6a45466cfe77a2a109a3177309549923_gpt4,75
A2N6SUG2FS534I,870d21ac1ed82b572f512d56c83f8c04_gpt4,34
A2N6SUG2FS534I,132cc0e006a0453ef7923e886bfe053d_gpt4,82
A2N6SUG2FS534I,1a48a50600650b62e10587f5a6356255_gpt4,75
A2N6SUG2FS534I,c0e7f464cfb61636a24f8e2f3b8f2ab1_gpt4,21
A2N6SUG2FS534I,c528f5e53e029fee09e6d1c0fb03078a_gpt4,38
A2N6SUG2FS534I,3700c4bb1e8354976207f11b9577d1bd_gpt35,72
A2N6SUG2FS534I,59d8a1fe2b05e6ed62fce3c7d561287e_gpt35,87
A2N6SUG2FS534I,d01b52c050a578bada210b44f959beb3_gpt35,88
A2N6SUG2FS534I,d30bd3615322f678369e332b02be5091_gpt35,53
A2N6SUG2FS534I,0fc55c62ac111cc39495b214c65aab29_gpt35,88
A2N6SUG2FS534I,636f0aea25022f4a3d4f60dae3b77a4d_gpt35,92
A2N6SUG2FS534I,a74ea124fc03521b4e5b4c37a1f55cc0_gpt35,94
A2N6SUG2FS534I,e7389561eac2cfd1ab2f83a5327df55d_gpt35,65
A2N6SUG2FS534I,51de654e6985688b6997077739cd59c2_llama2-70b,76
A2N6SUG2FS534I,51f07ffd318edcddfa2f7fb6103c14da_llama2-70b,81
A2N6SUG2FS534I,946ef47a2bdfd2b63c751c35ee67a82c_llama2-70b,30
A2N6SUG2FS534I,d88e9532b4922da6ecb543c4e4bc828f_llama2-70b,78
A2N6SUG2FS534I,4063365859c7241903fb4f96c7d96688_llama2-70b,81
A2N6SUG2FS534I,4ddbe893fac8b26af866c9ba1766f481_llama2-70b,86
A2N6SUG2FS534I,6a45466cfe77a2a109a3177309549923_llama2-70b,75
A2N6SUG2FS534I,870d21ac1ed82b572f512d56c83f8c04_llama2-70b,84
A2N6SUG2FS534I,3e4918c0c8e4838c32ed77f8467399c6_llama2-70b,76
A2N6SUG2FS534I,688bde5344b80bbcdb650e9f7bb354fc_llama2-70b,90
A2N6SUG2FS534I,a4829132b492a50c9bbb822b9dfe8ba1_llama2-70b,87
A2N6SUG2FS534I,ea49d042c5bbf91c1917dc97ecf4b0a5_llama2-70b,66
A2WQJ399KT2Q14,49e09e38e4f5e1dc8a1afe3bc1a47455_gpt4,42
A2WQJ399KT2Q14,5fcea8dc3a3a4f89f589333d3acf453f_gpt4,91
A2WQJ399KT2Q14,8bac6425b0e1af9936b4567c849a4b2e_gpt4,90
A2WQJ399KT2Q14,fa0d4324a6b40ff0b67e2fe7615125fe_gpt4,7
A2WQJ399KT2Q14,0fc55c62ac111cc39495b214c65aab29_gpt4,85
A2WQJ399KT2Q14,636f0aea25022f4a3d4f60dae3b77a4d_gpt4,88
A2WQJ399KT2Q14,a74ea124fc03521b4e5b4c37a1f55cc0_gpt4,91
A2WQJ399KT2Q14,e7389561eac2cfd1ab2f83a5327df55d_gpt4,8
A2WQJ399KT2Q14,0eb69b5181fbfb55f7db70a5a435d0c0_gpt4,92
A2WQJ399KT2Q14,67b95ed0c78485194622428b73f99ab6_gpt4,8
A2WQJ399KT2Q14,9268e416f5a9768d6f5b7de6e596b083_gpt4,91
A2WQJ399KT2Q14,dc1f24a9c2312fe8abe2a5dbdf6f35b9_gpt4,10
A2WQJ399KT2Q14,01630cce10f88c316eef89303fd05ee7_gpt35,74
A2WQJ399KT2Q14,421e3a4e4e22b76cc1a54a315da1ae36_gpt35,83
A2WQJ399KT2Q14,ab0dbc5a18f680badf21470dd8887d37_gpt35,1
A2WQJ399KT2Q14,d04b95aee316ff794f7ab76fcab638f4_gpt35,4
A2WQJ399KT2Q14,0784404b9548c2f913fc983f85a68885_llama2-70b,85
A2WQJ399KT2Q14,3abcc04d9af972c49e3635f30343a4aa_llama2-70b,87
A2WQJ399KT2Q14,ec074dc7e8e07ee7d642fc232c631fcf_llama2-70b,87
A2WQJ399KT2Q14,fe1e9530cf29ced7dbf8096de929fb67_llama2-70b,86
A2WQJ399KT2Q14,10fa33b503807dc4449a08fbaf451a1d_llama2-70b,84
A2WQJ399KT2Q14,1ead05af67e697b6595bfa20e017591d_llama2-70b,85
A2WQJ399KT2Q14,8efd4c8fa08261b703ff445d9b572abb_llama2-70b,88
A2WQJ399KT2Q14,ffab9487f39d06124085a467edc0a564_llama2-70b,86
A2WQJ399KT2Q14,1643f3e44c9bcb8fd85e679188e9526a_llama2-70b,16
A2WQJ399KT2Q14,3f07314f131266088fea3b991c37cfbe_llama2-70b,86
A2WQJ399KT2Q14,4d74e871e8b730bdd3f4d5413530d3bd_llama2-70b,17
A2WQJ399KT2Q14,a0f636588f6a5ed0544c513bc9498445_llama2-70b,28
A1UJO0R1GJ7JPM,49e09e38e4f5e1dc8a1afe3bc1a47455_gpt4,28
A1UJO0R1GJ7JPM,5fcea8dc3a3a4f89f589333d3acf453f_gpt4,63
A1UJO0R1GJ7JPM,8bac6425b0e1af9936b4567c849a4b2e_gpt4,57
A1UJO0R1GJ7JPM,fa0d4324a6b40ff0b67e2fe7615125fe_gpt4,36
A1UJO0R1GJ7JPM,132cc0e006a0453ef7923e886bfe053d_gpt4,56
A1UJO0R1GJ7JPM,1a48a50600650b62e10587f5a6356255_gpt4,67
A1UJO0R1GJ7JPM,c0e7f464cfb61636a24f8e2f3b8f2ab1_gpt4,31
A1UJO0R1GJ7JPM,c528f5e53e029fee09e6d1c0fb03078a_gpt4,34
A1UJO0R1GJ7JPM,44701d7f1144f60929701fbaeefe8415_gpt4,79
A1UJO0R1GJ7JPM,7b6c86dee31757abd4e0638e90adbe09_gpt4,29
A1UJO0R1GJ7JPM,a020dac9dcff53d143165d7a465aa0f9_gpt4,75
A1UJO0R1GJ7JPM,dd1b6f76641236daf7e81542e99c42db_gpt4,80
A1UJO0R1GJ7JPM,42dba2241ed1ef7e6c707aaa61e3aff2_gpt35,85
A1UJO0R1GJ7JPM,50337af9e43e1c0443c712671b753a99_gpt35,80
A1UJO0R1GJ7JPM,530a094b9fbf479c784a1ce67e47c6b4_gpt35,86
A1UJO0R1GJ7JPM,b9ea41b22f020eff5ea1f09507904630_gpt35,82
A1UJO0R1GJ7JPM,132cc0e006a0453ef7923e886bfe053d_gpt35,84
A1UJO0R1GJ7JPM,1a48a50600650b62e10587f5a6356255_gpt35,86
A1UJO0R1GJ7JPM,c0e7f464cfb61636a24f8e2f3b8f2ab1_gpt35,85
A1UJO0R1GJ7JPM,c528f5e53e029fee09e6d1c0fb03078a_gpt35,87
A1UJO0R1GJ7JPM,49e09e38e4f5e1dc8a1afe3bc1a47455_llama2-70b,69
A1UJO0R1GJ7JPM,5fcea8dc3a3a4f89f589333d3acf453f_llama2-70b,69
A1UJO0R1GJ7JPM,8bac6425b0e1af9936b4567c849a4b2e_llama2-70b,72
A1UJO0R1GJ7JPM,fa0d4324a6b40ff0b67e2fe7615125fe_llama2-70b,68
A1UJO0R1GJ7JPM,0eb69b5181fbfb55f7db70a5a435d0c0_llama2-70b,72
A1UJO0R1GJ7JPM,67b95ed0c78485194622428b73f99ab6_llama2-70b,66
A1UJO0R1GJ7JPM,9268e416f5a9768d6f5b7de6e596b083_llama2-70b,69
A1UJO0R1GJ7JPM,dc1f24a9c2312fe8abe2a5dbdf6f35b9_llama2-70b,70
A1UJO0R1GJ7JPM,35054e8285636c8d9d94f73635f3fad2_llama2-70b,75
A1UJO0R1GJ7JPM,82f2cb3c64ef3da58f0295b90f087d2e_llama2-70b,71
A1UJO0R1GJ7JPM,898cf5f1aa59c0bfdf9bbb18d0c7a6e6_llama2-70b,72
A1UJO0R1GJ7JPM,b6f5d0b8201786f2277379237d8954b7_llama2-70b,67
A4M2H0ONHCMC,49e09e38e4f5e1dc8a1afe3bc1a47455_gpt4,30
A4M2H0ONHCMC,5fcea8dc3a3a4f89f589333d3acf453f_gpt4,60
A4M2H0ONHCMC,8bac6425b0e1af9936b4567c849a4b2e_gpt4,76
A4M2H0ONHCMC,fa0d4324a6b40ff0b67e2fe7615125fe_gpt4,75
A4M2H0ONHCMC,01630cce10f88c316eef89303fd05ee7_gpt4,68
A4M2H0ONHCMC,421e3a4e4e22b76cc1a54a315da1ae36_gpt4,70
A4M2H0ONHCMC,ab0dbc5a18f680badf21470dd8887d37_gpt4,72
A4M2H0ONHCMC,d04b95aee316ff794f7ab76fcab638f4_gpt4,25
A4M2H0ONHCMC,44701d7f1144f60929701fbaeefe8415_gpt4,31
A4M2H0ONHCMC,7b6c86dee31757abd4e0638e90adbe09_gpt4,36
A4M2H0ONHCMC,a020dac9dcff53d143165d7a465aa0f9_gpt4,62
A4M2H0ONHCMC,dd1b6f76641236daf7e81542e99c42db_gpt4,66
A4M2H0ONHCMC,0bede8b87fbe1b9a62d1af8c72803e89_gpt35,86
A4M2H0ONHCMC,9d297e57c5a58599a68033e3af37e721_gpt35,88
A4M2H0ONHCMC,bad4aad54dcb14c4092b4174907aced3_gpt35,87
A4M2H0ONHCMC,e18a61f69136d4c282b2ee9edbf3b262_gpt35,90
A4M2H0ONHCMC,8d4be55e4176091d498e180d5e3fcdec_llama2-70b,85
A4M2H0ONHCMC,9801595161cccfe42b25261d94b183bb_llama2-70b,81
A4M2H0ONHCMC,982d99462b7f64f9e9b144bf389f1805_llama2-70b,31
A4M2H0ONHCMC,bb552d64f9cf94fe787fb5a76e005364_llama2-70b,33
A4M2H0ONHCMC,49e09e38e4f5e1dc8a1afe3bc1a47455_llama2-70b,25
A4M2H0ONHCMC,5fcea8dc3a3a4f89f589333d3acf453f_llama2-70b,30
A4M2H0ONHCMC,8bac6425b0e1af9936b4567c849a4b2e_llama2-70b,25
A4M2H0ONHCMC,fa0d4324a6b40ff0b67e2fe7615125fe_llama2-70b,20
A4M2H0ONHCMC,0fc55c62ac111cc39495b214c65aab29_llama2-70b,76
A4M2H0ONHCMC,636f0aea25022f4a3d4f60dae3b77a4d_llama2-70b,31
A4M2H0ONHCMC,a74ea124fc03521b4e5b4c37a1f55cc0_llama2-70b,81
A4M2H0ONHCMC,e7389561eac2cfd1ab2f83a5327df55d_llama2-70b,83
A1WU6EAI7ZUTD8,49e09e38e4f5e1dc8a1afe3bc1a47455_gpt4,78
A1WU6EAI7ZUTD8,5fcea8dc3a3a4f89f589333d3acf453f_gpt4,65
A1WU6EAI7ZUTD8,8bac6425b0e1af9936b4567c849a4b2e_gpt4,68
A1WU6EAI7ZUTD8,fa0d4324a6b40ff0b67e2fe7615125fe_gpt4,69
A1WU6EAI7ZUTD8,44701d7f1144f60929701fbaeefe8415_gpt4,72
A1WU6EAI7ZUTD8,7b6c86dee31757abd4e0638e90adbe09_gpt4,57
A1WU6EAI7ZUTD8,a020dac9dcff53d143165d7a465aa0f9_gpt4,35
A1WU6EAI7ZUTD8,dd1b6f76641236daf7e81542e99c42db_gpt4,72
A1WU6EAI7ZUTD8,0125ad6bdbdebb865949ea7357d32657_gpt4,75
A1WU6EAI7ZUTD8,22ed5820b84b8f241fb82eafbdc88546_gpt4,75
A1WU6EAI7ZUTD8,d60a52137ddb86ba506e367f62498bfd_gpt4,87
A1WU6EAI7ZUTD8,f8beab78ae49d789bf752d45d980b505_gpt4,91
A2T5CROJ0FWIJY,4063365859c7241903fb4f96c7d96688_gpt4,96
A2T5CROJ0FWIJY,4ddbe893fac8b26af866c9ba1766f481_gpt4,98
A2T5CROJ0FWIJY,6a45466cfe77a2a109a3177309549923_gpt4,98
A2T5CROJ0FWIJY,870d21ac1ed82b572f512d56c83f8c04_gpt4,4
AU4PTX44URN8D,4063365859c7241903fb4f96c7d96688_gpt4,8
AU4PTX44URN8D,4ddbe893fac8b26af866c9ba1766f481_gpt4,86
AU4PTX44URN8D,6a45466cfe77a2a109a3177309549923_gpt4,90
AU4PTX44URN8D,870d21ac1ed82b572f512d56c83f8c04_gpt4,16
AU4PTX44URN8D,434f423391ea5ec6e9e85a87adc56d5c_gpt4,15
AU4PTX44URN8D,5d8f28f1ea509f6061e752fed84ce382_gpt4,18
AU4PTX44URN8D,66af23f535bc2f1bd77664734be18c01_gpt4,9
AU4PTX44URN8D,8d7f8166c8bb6344d0b8f3c89af32039_gpt4,73
AU4PTX44URN8D,3700c4bb1e8354976207f11b9577d1bd_gpt35,90
AU4PTX44URN8D,59d8a1fe2b05e6ed62fce3c7d561287e_gpt35,89
AU4PTX44URN8D,d01b52c050a578bada210b44f959beb3_gpt35,89
AU4PTX44URN8D,d30bd3615322f678369e332b02be5091_gpt35,68
AU4PTX44URN8D,49e09e38e4f5e1dc8a1afe3bc1a47455_llama2-70b,86
AU4PTX44URN8D,5fcea8dc3a3a4f89f589333d3acf453f_llama2-70b,79
AU4PTX44URN8D,8bac6425b0e1af9936b4567c849a4b2e_llama2-70b,90
AU4PTX44URN8D,fa0d4324a6b40ff0b67e2fe7615125fe_llama2-70b,89
AU4PTX44URN8D,0883e481739f6ebfe3a2c564153e94a5_llama2-70b,11
AU4PTX44URN8D,5b10b998f02dd8314afe487bab53626a_llama2-70b,12
AU4PTX44URN8D,7202fca7eaec1f583cd2000c2d71c2d7_llama2-70b,91
AU4PTX44URN8D,89694e30b2b62b5a646a0ed9cbc38788_llama2-70b,79
AU4PTX44URN8D,0125ad6bdbdebb865949ea7357d32657_llama2-70b,89
AU4PTX44URN8D,22ed5820b84b8f241fb82eafbdc88546_llama2-70b,86
AU4PTX44URN8D,d60a52137ddb86ba506e367f62498bfd_llama2-70b,86
AU4PTX44URN8D,f8beab78ae49d789bf752d45d980b505_llama2-70b,88
A1N1ULK71RHVMM,4063365859c7241903fb4f96c7d96688_gpt4,78
A1N1ULK71RHVMM,4ddbe893fac8b26af866c9ba1766f481_gpt4,72
A1N1ULK71RHVMM,6a45466cfe77a2a109a3177309549923_gpt4,49
A1N1ULK71RHVMM,870d21ac1ed82b572f512d56c83f8c04_gpt4,4
A1N1ULK71RHVMM,3700c4bb1e8354976207f11b9577d1bd_gpt4,96
A1N1ULK71RHVMM,59d8a1fe2b05e6ed62fce3c7d561287e_gpt4,99
A1N1ULK71RHVMM,d01b52c050a578bada210b44f959beb3_gpt4,54
A1N1ULK71RHVMM,d30bd3615322f678369e332b02be5091_gpt4,59
A1N1ULK71RHVMM,064c274a8b7c7f2a715d9a5c0d39857d_gpt4,2
A1N1ULK71RHVMM,80ad80b82cdc784964242a464be496aa_gpt4,80
A1N1ULK71RHVMM,a89a7562e7ca1249cc7f75c9657c53f2_gpt4,98
A1N1ULK71RHVMM,d11fba45bde4a769535df3b2bd9e540f_gpt4,82
A173A97OFDAX9F,4063365859c7241903fb4f96c7d96688_gpt4,55
A173A97OFDAX9F,4ddbe893fac8b26af866c9ba1766f481_gpt4,74
A173A97OFDAX9F,6a45466cfe77a2a109a3177309549923_gpt4,40
A173A97OFDAX9F,870d21ac1ed82b572f512d56c83f8c04_gpt4,33
A173A97OFDAX9F,0bede8b87fbe1b9a62d1af8c72803e89_gpt4,96
A173A97OFDAX9F,9d297e57c5a58599a68033e3af37e721_gpt4,64
A173A97OFDAX9F,bad4aad54dcb14c4092b4174907aced3_gpt4,62
A173A97OFDAX9F,e18a61f69136d4c282b2ee9edbf3b262_gpt4,73
A3AFX2N59UHC3Z,3700c4bb1e8354976207f11b9577d1bd_gpt4,81
A3AFX2N59UHC3Z,59d8a1fe2b05e6ed62fce3c7d561287e_gpt4,87
A3AFX2N59UHC3Z,d01b52c050a578bada210b44f959beb3_gpt4,88
A3AFX2N59UHC3Z,d30bd3615322f678369e332b02be5091_gpt4,91
A3AFX2N59UHC3Z,06b3afa146800484bf727f9d33e4e9f2_gpt4,80
A3AFX2N59UHC3Z,3ee7bbf6b00d0dbeb1e8556c04b777c2_gpt4,84
A3AFX2N59UHC3Z,520d516ab00c156c492b5fd1e45d2ff3_gpt4,87
A3AFX2N59UHC3Z,e566995b2bc4b20ae5c027f79547554c_gpt4,86
A3AFX2N59UHC3Z,35054e8285636c8d9d94f73635f3fad2_gpt4,85
A3AFX2N59UHC3Z,82f2cb3c64ef3da58f0295b90f087d2e_gpt4,88
A3AFX2N59UHC3Z,898cf5f1aa59c0bfdf9bbb18d0c7a6e6_gpt4,82
A3AFX2N59UHC3Z,b6f5d0b8201786f2277379237d8954b7_gpt4,88
A3AFX2N59UHC3Z,35054e8285636c8d9d94f73635f3fad2_gpt35,13
A3AFX2N59UHC3Z,82f2cb3c64ef3da58f0295b90f087d2e_gpt35,85
A3AFX2N59UHC3Z,898cf5f1aa59c0bfdf9bbb18d0c7a6e6_gpt35,85
A3AFX2N59UHC3Z,b6f5d0b8201786f2277379237d8954b7_gpt35,86
A3AFX2N59UHC3Z,10fa33b503807dc4449a08fbaf451a1d_llama2-70b,80
A3AFX2N59UHC3Z,1ead05af67e697b6595bfa20e017591d_llama2-70b,84
A3AFX2N59UHC3Z,8efd4c8fa08261b703ff445d9b572abb_llama2-70b,82
A3AFX2N59UHC3Z,ffab9487f39d06124085a467edc0a564_llama2-70b,63
A3AFX2N59UHC3Z,35054e8285636c8d9d94f73635f3fad2_llama2-70b,8
A3AFX2N59UHC3Z,82f2cb3c64ef3da58f0295b90f087d2e_llama2-70b,64
A3AFX2N59UHC3Z,898cf5f1aa59c0bfdf9bbb18d0c7a6e6_llama2-70b,10
A3AFX2N59UHC3Z,b6f5d0b8201786f2277379237d8954b7_llama2-70b,7
A3AFX2N59UHC3Z,064c274a8b7c7f2a715d9a5c0d39857d_llama2-70b,81
A3AFX2N59UHC3Z,80ad80b82cdc784964242a464be496aa_llama2-70b,73
A3AFX2N59UHC3Z,a89a7562e7ca1249cc7f75c9657c53f2_llama2-70b,86
A3AFX2N59UHC3Z,d11fba45bde4a769535df3b2bd9e540f_llama2-70b,72
A1P557XDQ2SID7,3700c4bb1e8354976207f11b9577d1bd_gpt4,63
A1P557XDQ2SID7,59d8a1fe2b05e6ed62fce3c7d561287e_gpt4,79
A1P557XDQ2SID7,d01b52c050a578bada210b44f959beb3_gpt4,15
A1P557XDQ2SID7,d30bd3615322f678369e332b02be5091_gpt4,6
A1P557XDQ2SID7,0883e481739f6ebfe3a2c564153e94a5_gpt4,71
A1P557XDQ2SID7,5b10b998f02dd8314afe487bab53626a_gpt4,12
A1P557XDQ2SID7,7202fca7eaec1f583cd2000c2d71c2d7_gpt4,8
A1P557XDQ2SID7,89694e30b2b62b5a646a0ed9cbc38788_gpt4,61
A1P557XDQ2SID7,0125ad6bdbdebb865949ea7357d32657_gpt4,81
A1P557XDQ2SID7,22ed5820b84b8f241fb82eafbdc88546_gpt4,70
A1P557XDQ2SID7,d60a52137ddb86ba506e367f62498bfd_gpt4,58
A1P557XDQ2SID7,f8beab78ae49d789bf752d45d980b505_gpt4,82
A1P557XDQ2SID7,7050b0a62e1b7ce21ce43393d9220cfa_gpt35,2
A1P557XDQ2SID7,7b7cde1eeb0dd59d5e9466229fa74855_gpt35,93
A1P557XDQ2SID7,b79ae5ea542449e6e75a39b405c6b98c_gpt35,87
A1P557XDQ2SID7,ec060b3aae1183c5e1731e3cba034e85_gpt35,90
A1P557XDQ2SID7,064c274a8b7c7f2a715d9a5c0d39857d_gpt35,90
A1P557XDQ2SID7,80ad80b82cdc784964242a464be496aa_gpt35,87
A1P557XDQ2SID7,a89a7562e7ca1249cc7f75c9657c53f2_gpt35,89
A1P557XDQ2SID7,d11fba45bde4a769535df3b2bd9e540f_gpt35,90
A1P557XDQ2SID7,3700c4bb1e8354976207f11b9577d1bd_llama2-70b,87
A1P557XDQ2SID7,59d8a1fe2b05e6ed62fce3c7d561287e_llama2-70b,83
A1P557XDQ2SID7,d01b52c050a578bada210b44f959beb3_llama2-70b,10
A1P557XDQ2SID7,d30bd3615322f678369e332b02be5091_llama2-70b,7
A1P557XDQ2SID7,3e4918c0c8e4838c32ed77f8467399c6_llama2-70b,84
A1P557XDQ2SID7,688bde5344b80bbcdb650e9f7bb354fc_llama2-70b,7
A1P557XDQ2SID7,a4829132b492a50c9bbb822b9dfe8ba1_llama2-70b,15
A1P557XDQ2SID7,ea49d042c5bbf91c1917dc97ecf4b0a5_llama2-70b,79
A1P557XDQ2SID7,01630cce10f88c316eef89303fd05ee7_llama2-70b,82
A1P557XDQ2SID7,421e3a4e4e22b76cc1a54a315da1ae36_llama2-70b,7
A1P557XDQ2SID7,ab0dbc5a18f680badf21470dd8887d37_llama2-70b,5
A1P557XDQ2SID7,d04b95aee316ff794f7ab76fcab638f4_llama2-70b,7
A27WATAOUI3MCO,3700c4bb1e8354976207f11b9577d1bd_gpt4,99
A27WATAOUI3MCO,59d8a1fe2b05e6ed62fce3c7d561287e_gpt4,94
A27WATAOUI3MCO,d01b52c050a578bada210b44f959beb3_gpt4,94
A27WATAOUI3MCO,d30bd3615322f678369e332b02be5091_gpt4,97
A27WATAOUI3MCO,1420df045728c9f0cd0be4605734a3b0_gpt4,92
A27WATAOUI3MCO,29e542006ba432a0caf10947b672c7d0_gpt4,99
A27WATAOUI3MCO,bd7efc7c7481055ccb4ee2cf78bf3034_gpt4,95
A27WATAOUI3MCO,e9de43e464b2a30e6859c2dd36f932f5_gpt4,93
A27WATAOUI3MCO,61dcc08cdd85688e0f1a137036c89b74_gpt4,99
A27WATAOUI3MCO,89d71943b387e6d5b70438ffa3dd8925_gpt4,94
A27WATAOUI3MCO,bbeddfca550988ff6bddfc246c2e4436_gpt4,97
A27WATAOUI3MCO,dedfd06ec00b86a90417aec111fce87f_gpt4,99
A27WATAOUI3MCO,020d547223b1dd78b09a4294faad27bb_gpt35,96
A27WATAOUI3MCO,837db1a79f848c4c64fd8f994ccb6b3a_gpt35,97
A27WATAOUI3MCO,a89cb42b83657f191d4abc29683ff669_gpt35,96
A27WATAOUI3MCO,eda191b158a72f99c4e59b3e8c3f5a99_gpt35,4
A27WATAOUI3MCO,49e09e38e4f5e1dc8a1afe3bc1a47455_gpt35,6
A27WATAOUI3MCO,5fcea8dc3a3a4f89f589333d3acf453f_gpt35,97
A27WATAOUI3MCO,8bac6425b0e1af9936b4567c849a4b2e_gpt35,97
A27WATAOUI3MCO,fa0d4324a6b40ff0b67e2fe7615125fe_gpt35,63
A27WATAOUI3MCO,4063365859c7241903fb4f96c7d96688_gpt35,98
A27WATAOUI3MCO,4ddbe893fac8b26af866c9ba1766f481_gpt35,98
A27WATAOUI3MCO,6a45466cfe77a2a109a3177309549923_gpt35,97
A27WATAOUI3MCO,870d21ac1ed82b572f512d56c83f8c04_gpt35,97
A27WATAOUI3MCO,44701d7f1144f60929701fbaeefe8415_gpt35,98
A27WATAOUI3MCO,7b6c86dee31757abd4e0638e90adbe09_gpt35,72
A27WATAOUI3MCO,a020dac9dcff53d143165d7a465aa0f9_gpt35,84
A27WATAOUI3MCO,dd1b6f76641236daf7e81542e99c42db_gpt35,89
A3H3Z5V2V1461R,7050b0a62e1b7ce21ce43393d9220cfa_gpt4,65
A3H3Z5V2V1461R,7b7cde1eeb0dd59d5e9466229fa74855_gpt4,73
A3H3Z5V2V1461R,b79ae5ea542449e6e75a39b405c6b98c_gpt4,80
A3H3Z5V2V1461R,ec060b3aae1183c5e1731e3cba034e85_gpt4,80
A3H3Z5V2V1461R,1643f3e44c9bcb8fd85e679188e9526a_gpt4,72
A3H3Z5V2V1461R,3f07314f131266088fea3b991c37cfbe_gpt4,29
A3H3Z5V2V1461R,4d74e871e8b730bdd3f4d5413530d3bd_gpt4,32
A3H3Z5V2V1461R,a0f636588f6a5ed0544c513bc9498445_gpt4,75
A3H3Z5V2V1461R,0bede8b87fbe1b9a62d1af8c72803e89_gpt4,83
A3H3Z5V2V1461R,9d297e57c5a58599a68033e3af37e721_gpt4,76
A3H3Z5V2V1461R,bad4aad54dcb14c4092b4174907aced3_gpt4,34
A3H3Z5V2V1461R,e18a61f69136d4c282b2ee9edbf3b262_gpt4,71
A16MEV9DI9VMAW,7050b0a62e1b7ce21ce43393d9220cfa_gpt4,84
A16MEV9DI9VMAW,7b7cde1eeb0dd59d5e9466229fa74855_gpt4,83
A16MEV9DI9VMAW,b79ae5ea542449e6e75a39b405c6b98c_gpt4,88
A16MEV9DI9VMAW,ec060b3aae1183c5e1731e3cba034e85_gpt4,83
A16MEV9DI9VMAW,0883e481739f6ebfe3a2c564153e94a5_gpt4,84
A16MEV9DI9VMAW,5b10b998f02dd8314afe487bab53626a_gpt4,69
A16MEV9DI9VMAW,7202fca7eaec1f583cd2000c2d71c2d7_gpt4,75
A16MEV9DI9VMAW,89694e30b2b62b5a646a0ed9cbc38788_gpt4,90
A16MEV9DI9VMAW,35054e8285636c8d9d94f73635f3fad2_gpt4,78
A16MEV9DI9VMAW,82f2cb3c64ef3da58f0295b90f087d2e_gpt4,68
A16MEV9DI9VMAW,898cf5f1aa59c0bfdf9bbb18d0c7a6e6_gpt4,87
A16MEV9DI9VMAW,b6f5d0b8201786f2277379237d8954b7_gpt4,86
A16MEV9DI9VMAW,51de654e6985688b6997077739cd59c2_gpt35,87
A16MEV9DI9VMAW,51f07ffd318edcddfa2f7fb6103c14da_gpt35,0
A16MEV9DI9VMAW,946ef47a2bdfd2b63c751c35ee67a82c_gpt35,83
A16MEV9DI9VMAW,d88e9532b4922da6ecb543c4e4bc828f_gpt35,91
A16MEV9DI9VMAW,42dba2241ed1ef7e6c707aaa61e3aff2_gpt35,87
A16MEV9DI9VMAW,50337af9e43e1c0443c712671b753a99_gpt35,14
A16MEV9DI9VMAW,530a094b9fbf479c784a1ce67e47c6b4_gpt35,91
A16MEV9DI9VMAW,b9ea41b22f020eff5ea1f09507904630_gpt35,90
A16MEV9DI9VMAW,10fa33b503807dc4449a08fbaf451a1d_llama2-70b,15
A16MEV9DI9VMAW,1ead05af67e697b6595bfa20e017591d_llama2-70b,86
A16MEV9DI9VMAW,8efd4c8fa08261b703ff445d9b572abb_llama2-70b,12
A16MEV9DI9VMAW,ffab9487f39d06124085a467edc0a564_llama2-70b,84
A16MEV9DI9VMAW,44701d7f1144f60929701fbaeefe8415_llama2-70b,80
A16MEV9DI9VMAW,7b6c86dee31757abd4e0638e90adbe09_llama2-70b,83
A16MEV9DI9VMAW,a020dac9dcff53d143165d7a465aa0f9_llama2-70b,20
A16MEV9DI9VMAW,dd1b6f76641236daf7e81542e99c42db_llama2-70b,81
A16MEV9DI9VMAW,61dcc08cdd85688e0f1a137036c89b74_llama2-70b,83
A16MEV9DI9VMAW,89d71943b387e6d5b70438ffa3dd8925_llama2-70b,10
A16MEV9DI9VMAW,bbeddfca550988ff6bddfc246c2e4436_llama2-70b,88
A16MEV9DI9VMAW,dedfd06ec00b86a90417aec111fce87f_llama2-70b,16
A2YK4SV70CYF83,7050b0a62e1b7ce21ce43393d9220cfa_gpt4,89
A2YK4SV70CYF83,7b7cde1eeb0dd59d5e9466229fa74855_gpt4,94
A2YK4SV70CYF83,b79ae5ea542449e6e75a39b405c6b98c_gpt4,92
A2YK4SV70CYF83,ec060b3aae1183c5e1731e3cba034e85_gpt4,95
A2YK4SV70CYF83,01630cce10f88c316eef89303fd05ee7_gpt4,93
A2YK4SV70CYF83,421e3a4e4e22b76cc1a54a315da1ae36_gpt4,87
A2YK4SV70CYF83,ab0dbc5a18f680badf21470dd8887d37_gpt4,94
A2YK4SV70CYF83,d04b95aee316ff794f7ab76fcab638f4_gpt4,91
A1CCWENTISCPVY,7050b0a62e1b7ce21ce43393d9220cfa_gpt4,89
A1CCWENTISCPVY,7b7cde1eeb0dd59d5e9466229fa74855_gpt4,90
A1CCWENTISCPVY,b79ae5ea542449e6e75a39b405c6b98c_gpt4,91
A1CCWENTISCPVY,ec060b3aae1183c5e1731e3cba034e85_gpt4,92
A1CCWENTISCPVY,1643f3e44c9bcb8fd85e679188e9526a_gpt4,91
A1CCWENTISCPVY,3f07314f131266088fea3b991c37cfbe_gpt4,91
A1CCWENTISCPVY,4d74e871e8b730bdd3f4d5413530d3bd_gpt4,18
A1CCWENTISCPVY,a0f636588f6a5ed0544c513bc9498445_gpt4,13
A1CCWENTISCPVY,064c274a8b7c7f2a715d9a5c0d39857d_gpt4,90
A1CCWENTISCPVY,80ad80b82cdc784964242a464be496aa_gpt4,87
A1CCWENTISCPVY,a89a7562e7ca1249cc7f75c9657c53f2_gpt4,91
A1CCWENTISCPVY,d11fba45bde4a769535df3b2bd9e540f_gpt4,88
A1CCWENTISCPVY,4063365859c7241903fb4f96c7d96688_llama2-70b,74
A1CCWENTISCPVY,4ddbe893fac8b26af866c9ba1766f481_llama2-70b,63
A1CCWENTISCPVY,6a45466cfe77a2a109a3177309549923_llama2-70b,81
A1CCWENTISCPVY,870d21ac1ed82b572f512d56c83f8c04_llama2-70b,73
A1CCWENTISCPVY,7050b0a62e1b7ce21ce43393d9220cfa_llama2-70b,60
A1CCWENTISCPVY,7b7cde1eeb0dd59d5e9466229fa74855_llama2-70b,82
A1CCWENTISCPVY,b79ae5ea542449e6e75a39b405c6b98c_llama2-70b,75
A1CCWENTISCPVY,ec060b3aae1183c5e1731e3cba034e85_llama2-70b,81
A1CCWENTISCPVY,01630cce10f88c316eef89303fd05ee7_llama2-70b,74
A1CCWENTISCPVY,421e3a4e4e22b76cc1a54a315da1ae36_llama2-70b,57
A1CCWENTISCPVY,ab0dbc5a18f680badf21470dd8887d37_llama2-70b,87
A1CCWENTISCPVY,d04b95aee316ff794f7ab76fcab638f4_llama2-70b,76
A1CCWENTISCPVY,61dcc08cdd85688e0f1a137036c89b74_llama2-70b,57
A1CCWENTISCPVY,89d71943b387e6d5b70438ffa3dd8925_llama2-70b,38
A1CCWENTISCPVY,bbeddfca550988ff6bddfc246c2e4436_llama2-70b,74
A1CCWENTISCPVY,dedfd06ec00b86a90417aec111fce87f_llama2-70b,75
A3PFV1UMF7FJ6S,0883e481739f6ebfe3a2c564153e94a5_gpt4,62
A3PFV1UMF7FJ6S,5b10b998f02dd8314afe487bab53626a_gpt4,7
A3PFV1UMF7FJ6S,7202fca7eaec1f583cd2000c2d71c2d7_gpt4,10
A3PFV1UMF7FJ6S,89694e30b2b62b5a646a0ed9cbc38788_gpt4,74
A3PFV1UMF7FJ6S,1643f3e44c9bcb8fd85e679188e9526a_gpt4,7
A3PFV1UMF7FJ6S,3f07314f131266088fea3b991c37cfbe_gpt4,80
A3PFV1UMF7FJ6S,4d74e871e8b730bdd3f4d5413530d3bd_gpt4,9
A3PFV1UMF7FJ6S,a0f636588f6a5ed0544c513bc9498445_gpt4,8
A3PFV1UMF7FJ6S,020d547223b1dd78b09a4294faad27bb_gpt35,90
A3PFV1UMF7FJ6S,837db1a79f848c4c64fd8f994ccb6b3a_gpt35,72
A3PFV1UMF7FJ6S,a89cb42b83657f191d4abc29683ff669_gpt35,78
A3PFV1UMF7FJ6S,eda191b158a72f99c4e59b3e8c3f5a99_gpt35,90
A3PFV1UMF7FJ6S,01630cce10f88c316eef89303fd05ee7_gpt35,88
A3PFV1UMF7FJ6S,421e3a4e4e22b76cc1a54a315da1ae36_gpt35,87
A3PFV1UMF7FJ6S,ab0dbc5a18f680badf21470dd8887d37_gpt35,89
A3PFV1UMF7FJ6S,d04b95aee316ff794f7ab76fcab638f4_gpt35,85
A3PFV1UMF7FJ6S,2bc427132b3b9dbaa43736e7e2cb2603_llama2-70b,84
A3PFV1UMF7FJ6S,4cb7fe2dfb58d174858d4596b3aec6a2_llama2-70b,6
A3PFV1UMF7FJ6S,81b3c275e5a74cb281b6cd5d7e6fa96d_llama2-70b,80
A3PFV1UMF7FJ6S,cae9822a12f331778e86ec7b161a0e33_llama2-70b,83
A3PFV1UMF7FJ6S,020d547223b1dd78b09a4294faad27bb_llama2-70b,48
A3PFV1UMF7FJ6S,837db1a79f848c4c64fd8f994ccb6b3a_llama2-70b,72
A3PFV1UMF7FJ6S,a89cb42b83657f191d4abc29683ff669_llama2-70b,6
A3PFV1UMF7FJ6S,eda191b158a72f99c4e59b3e8c3f5a99_llama2-70b,8
A3PFV1UMF7FJ6S,0eb69b5181fbfb55f7db70a5a435d0c0_llama2-70b,84
A3PFV1UMF7FJ6S,67b95ed0c78485194622428b73f99ab6_llama2-70b,6
A3PFV1UMF7FJ6S,9268e416f5a9768d6f5b7de6e596b083_llama2-70b,78
A3PFV1UMF7FJ6S,dc1f24a9c2312fe8abe2a5dbdf6f35b9_llama2-70b,8
A2EUBU5JYO0JZ1,0883e481739f6ebfe3a2c564153e94a5_gpt4,36
A2EUBU5JYO0JZ1,5b10b998f02dd8314afe487bab53626a_gpt4,67
A2EUBU5JYO0JZ1,7202fca7eaec1f583cd2000c2d71c2d7_gpt4,67
A2EUBU5JYO0JZ1,89694e30b2b62b5a646a0ed9cbc38788_gpt4,31
A2EUBU5JYO0JZ1,1420df045728c9f0cd0be4605734a3b0_gpt4,13
A2EUBU5JYO0JZ1,29e542006ba432a0caf10947b672c7d0_gpt4,76
A2EUBU5JYO0JZ1,bd7efc7c7481055ccb4ee2cf78bf3034_gpt4,82
A2EUBU5JYO0JZ1,e9de43e464b2a30e6859c2dd36f932f5_gpt4,84
A2EUBU5JYO0JZ1,0125ad6bdbdebb865949ea7357d32657_gpt4,80
A2EUBU5JYO0JZ1,22ed5820b84b8f241fb82eafbdc88546_gpt4,70
A2EUBU5JYO0JZ1,d60a52137ddb86ba506e367f62498bfd_gpt4,66
A2EUBU5JYO0JZ1,f8beab78ae49d789bf752d45d980b505_gpt4,67
A2EUBU5JYO0JZ1,3700c4bb1e8354976207f11b9577d1bd_llama2-70b,89
A2EUBU5JYO0JZ1,59d8a1fe2b05e6ed62fce3c7d561287e_llama2-70b,87
A2EUBU5JYO0JZ1,d01b52c050a578bada210b44f959beb3_llama2-70b,87
A2EUBU5JYO0JZ1,d30bd3615322f678369e332b02be5091_llama2-70b,12
A2EUBU5JYO0JZ1,01630cce10f88c316eef89303fd05ee7_llama2-70b,88
A2EUBU5JYO0JZ1,421e3a4e4e22b76cc1a54a315da1ae36_llama2-70b,88
A2EUBU5JYO0JZ1,ab0dbc5a18f680badf21470dd8887d37_llama2-70b,87
A2EUBU5JYO0JZ1,d04b95aee316ff794f7ab76fcab638f4_llama2-70b,89
A2EUBU5JYO0JZ1,1643f3e44c9bcb8fd85e679188e9526a_llama2-70b,11
A2EUBU5JYO0JZ1,3f07314f131266088fea3b991c37cfbe_llama2-70b,10
A2EUBU5JYO0JZ1,4d74e871e8b730bdd3f4d5413530d3bd_llama2-70b,86
A2EUBU5JYO0JZ1,a0f636588f6a5ed0544c513bc9498445_llama2-70b,87
A20QZ8WFZHWNV5,0883e481739f6ebfe3a2c564153e94a5_gpt4,74
A20QZ8WFZHWNV5,5b10b998f02dd8314afe487bab53626a_gpt4,71
A20QZ8WFZHWNV5,7202fca7eaec1f583cd2000c2d71c2d7_gpt4,37
A20QZ8WFZHWNV5,89694e30b2b62b5a646a0ed9cbc38788_gpt4,37
A20QZ8WFZHWNV5,3e4918c0c8e4838c32ed77f8467399c6_gpt4,28
A20QZ8WFZHWNV5,688bde5344b80bbcdb650e9f7bb354fc_gpt4,31
A20QZ8WFZHWNV5,a4829132b492a50c9bbb822b9dfe8ba1_gpt4,75
A20QZ8WFZHWNV5,ea49d042c5bbf91c1917dc97ecf4b0a5_gpt4,28
A20QZ8WFZHWNV5,61dcc08cdd85688e0f1a137036c89b74_gpt4,67
A20QZ8WFZHWNV5,89d71943b387e6d5b70438ffa3dd8925_gpt4,67
A20QZ8WFZHWNV5,bbeddfca550988ff6bddfc246c2e4436_gpt4,75
A20QZ8WFZHWNV5,dedfd06ec00b86a90417aec111fce87f_gpt4,74
A20QZ8WFZHWNV5,3700c4bb1e8354976207f11b9577d1bd_gpt35,79
A20QZ8WFZHWNV5,59d8a1fe2b05e6ed62fce3c7d561287e_gpt35,69
A20QZ8WFZHWNV5,d01b52c050a578bada210b44f959beb3_gpt35,29
A20QZ8WFZHWNV5,d30bd3615322f678369e332b02be5091_gpt35,72
A20QZ8WFZHWNV5,434f423391ea5ec6e9e85a87adc56d5c_llama2-70b,85
A20QZ8WFZHWNV5,5d8f28f1ea509f6061e752fed84ce382_llama2-70b,38
A20QZ8WFZHWNV5,66af23f535bc2f1bd77664734be18c01_llama2-70b,38
A20QZ8WFZHWNV5,8d7f8166c8bb6344d0b8f3c89af32039_llama2-70b,30
A20QZ8WFZHWNV5,06b3afa146800484bf727f9d33e4e9f2_llama2-70b,87
A20QZ8WFZHWNV5,3ee7bbf6b00d0dbeb1e8556c04b777c2_llama2-70b,81
A20QZ8WFZHWNV5,520d516ab00c156c492b5fd1e45d2ff3_llama2-70b,86
A20QZ8WFZHWNV5,e566995b2bc4b20ae5c027f79547554c_llama2-70b,72
A20QZ8WFZHWNV5,0bede8b87fbe1b9a62d1af8c72803e89_llama2-70b,90
A20QZ8WFZHWNV5,9d297e57c5a58599a68033e3af37e721_llama2-70b,78
A20QZ8WFZHWNV5,bad4aad54dcb14c4092b4174907aced3_llama2-70b,86
A20QZ8WFZHWNV5,e18a61f69136d4c282b2ee9edbf3b262_llama2-70b,90
AH8HKQKX6DCYE,434f423391ea5ec6e9e85a87adc56d5c_gpt4,93
AH8HKQKX6DCYE,5d8f28f1ea509f6061e752fed84ce382_gpt4,87
AH8HKQKX6DCYE,66af23f535bc2f1bd77664734be18c01_gpt4,3
AH8HKQKX6DCYE,8d7f8166c8bb6344d0b8f3c89af32039_gpt4,90
AH8HKQKX6DCYE,0fc55c62ac111cc39495b214c65aab29_gpt4,90
AH8HKQKX6DCYE,636f0aea25022f4a3d4f60dae3b77a4d_gpt4,91
AH8HKQKX6DCYE,a74ea124fc03521b4e5b4c37a1f55cc0_gpt4,94
AH8HKQKX6DCYE,e7389561eac2cfd1ab2f83a5327df55d_gpt4,90
AH8HKQKX6DCYE,2b93003f1ce21d36d16e519ec583e3da_gpt4,90
AH8HKQKX6DCYE,2d34a3aea4d3c073f21fb90919d00f37_gpt4,93
AH8HKQKX6DCYE,4bc1f679ff7cfe6b56848f9b09d5aaaa_gpt4,94
AH8HKQKX6DCYE,93ac268f2f4d23432e6a1f83ac4f8903_gpt4,94
AH8HKQKX6DCYE,0ade2de640abfd04af9a76be01ba94c4_llama2-70b,13
AH8HKQKX6DCYE,af9364c977f77e4401abf3d95e2c3801_llama2-70b,86
AH8HKQKX6DCYE,b4148c64908a5314ee3a659faf3f9316_llama2-70b,14
AH8HKQKX6DCYE,f4bc79b0f94a5a31515637894b02fc95_llama2-70b,83
AH8HKQKX6DCYE,7050b0a62e1b7ce21ce43393d9220cfa_llama2-70b,91
AH8HKQKX6DCYE,7b7cde1eeb0dd59d5e9466229fa74855_llama2-70b,12
AH8HKQKX6DCYE,b79ae5ea542449e6e75a39b405c6b98c_llama2-70b,82
AH8HKQKX6DCYE,ec060b3aae1183c5e1731e3cba034e85_llama2-70b,14
AH8HKQKX6DCYE,1420df045728c9f0cd0be4605734a3b0_llama2-70b,76
AH8HKQKX6DCYE,29e542006ba432a0caf10947b672c7d0_llama2-70b,79
AH8HKQKX6DCYE,bd7efc7c7481055ccb4ee2cf78bf3034_llama2-70b,85
AH8HKQKX6DCYE,e9de43e464b2a30e6859c2dd36f932f5_llama2-70b,24
A2U7UDW9Y1WGWF,434f423391ea5ec6e9e85a87adc56d5c_gpt4,68
A2U7UDW9Y1WGWF,5d8f28f1ea509f6061e752fed84ce382_gpt4,62
A2U7UDW9Y1WGWF,66af23f535bc2f1bd77664734be18c01_gpt4,78
A2U7UDW9Y1WGWF,8d7f8166c8bb6344d0b8f3c89af32039_gpt4,63
A2U7UDW9Y1WGWF,0fc55c62ac111cc39495b214c65aab29_gpt4,78
A2U7UDW9Y1WGWF,636f0aea25022f4a3d4f60dae3b77a4d_gpt4,91
A2U7UDW9Y1WGWF,a74ea124fc03521b4e5b4c37a1f55cc0_gpt4,93
A2U7UDW9Y1WGWF,e7389561eac2cfd1ab2f83a5327df55d_gpt4,66
A2U7UDW9Y1WGWF,51de654e6985688b6997077739cd59c2_llama2-70b,89
A2U7UDW9Y1WGWF,51f07ffd318edcddfa2f7fb6103c14da_llama2-70b,87
A2U7UDW9Y1WGWF,946ef47a2bdfd2b63c751c35ee67a82c_llama2-70b,76
A2U7UDW9Y1WGWF,d88e9532b4922da6ecb543c4e4bc828f_llama2-70b,89
A2U7UDW9Y1WGWF,3e4918c0c8e4838c32ed77f8467399c6_llama2-70b,64
A2U7UDW9Y1WGWF,688bde5344b80bbcdb650e9f7bb354fc_llama2-70b,87
A2U7UDW9Y1WGWF,a4829132b492a50c9bbb822b9dfe8ba1_llama2-70b,54
A2U7UDW9Y1WGWF,ea49d042c5bbf91c1917dc97ecf4b0a5_llama2-70b,71
A2U7UDW9Y1WGWF,01630cce10f88c316eef89303fd05ee7_llama2-70b,61
A2U7UDW9Y1WGWF,421e3a4e4e22b76cc1a54a315da1ae36_llama2-70b,67
A2U7UDW9Y1WGWF,ab0dbc5a18f680badf21470dd8887d37_llama2-70b,70
A2U7UDW9Y1WGWF,d04b95aee316ff794f7ab76fcab638f4_llama2-70b,86
AQP8KVCSRLCT3,434f423391ea5ec6e9e85a87adc56d5c_gpt4,10
AQP8KVCSRLCT3,5d8f28f1ea509f6061e752fed84ce382_gpt4,10
AQP8KVCSRLCT3,66af23f535bc2f1bd77664734be18c01_gpt4,14
AQP8KVCSRLCT3,8d7f8166c8bb6344d0b8f3c89af32039_gpt4,12
AQP8KVCSRLCT3,a49551f75da3400d4e394ff9ec0de104_gpt4,85
AQP8KVCSRLCT3,bddbb16d7f0f1189e10c31c8d7eb219f_gpt4,84
AQP8KVCSRLCT3,e2f329ba8673600592e1cec1826d0233_gpt4,88
AQP8KVCSRLCT3,e66f6ad36cd11d1ffd60f4454c8b17dc_gpt4,87
AQP8KVCSRLCT3,064c274a8b7c7f2a715d9a5c0d39857d_gpt4,86
AQP8KVCSRLCT3,80ad80b82cdc784964242a464be496aa_gpt4,17
AQP8KVCSRLCT3,a89a7562e7ca1249cc7f75c9657c53f2_gpt4,94
AQP8KVCSRLCT3,d11fba45bde4a769535df3b2bd9e540f_gpt4,88
AQP8KVCSRLCT3,42dba2241ed1ef7e6c707aaa61e3aff2_llama2-70b,33
AQP8KVCSRLCT3,50337af9e43e1c0443c712671b753a99_llama2-70b,27
AQP8KVCSRLCT3,530a094b9fbf479c784a1ce67e47c6b4_llama2-70b,30
AQP8KVCSRLCT3,b9ea41b22f020eff5ea1f09507904630_llama2-70b,74
AQP8KVCSRLCT3,3e4918c0c8e4838c32ed77f8467399c6_llama2-70b,35
AQP8KVCSRLCT3,688bde5344b80bbcdb650e9f7bb354fc_llama2-70b,78
AQP8KVCSRLCT3,a4829132b492a50c9bbb822b9dfe8ba1_llama2-70b,86
AQP8KVCSRLCT3,ea49d042c5bbf91c1917dc97ecf4b0a5_llama2-70b,29
AQP8KVCSRLCT3,61dcc08cdd85688e0f1a137036c89b74_llama2-70b,91
AQP8KVCSRLCT3,89d71943b387e6d5b70438ffa3dd8925_llama2-70b,79
AQP8KVCSRLCT3,bbeddfca550988ff6bddfc246c2e4436_llama2-70b,81
AQP8KVCSRLCT3,dedfd06ec00b86a90417aec111fce87f_llama2-70b,19
A2BZNBWKRARWBW,434f423391ea5ec6e9e85a87adc56d5c_gpt4,8
A2BZNBWKRARWBW,5d8f28f1ea509f6061e752fed84ce382_gpt4,13
A2BZNBWKRARWBW,66af23f535bc2f1bd77664734be18c01_gpt4,8
A2BZNBWKRARWBW,8d7f8166c8bb6344d0b8f3c89af32039_gpt4,12
A2BZNBWKRARWBW,064c274a8b7c7f2a715d9a5c0d39857d_gpt4,86
A2BZNBWKRARWBW,80ad80b82cdc784964242a464be496aa_gpt4,18
A2BZNBWKRARWBW,a89a7562e7ca1249cc7f75c9657c53f2_gpt4,89
A2BZNBWKRARWBW,d11fba45bde4a769535df3b2bd9e540f_gpt4,87
A2BZNBWKRARWBW,3e4918c0c8e4838c32ed77f8467399c6_gpt35,82
A2BZNBWKRARWBW,688bde5344b80bbcdb650e9f7bb354fc_gpt35,17
A2BZNBWKRARWBW,a4829132b492a50c9bbb822b9dfe8ba1_gpt35,85
A2BZNBWKRARWBW,ea49d042c5bbf91c1917dc97ecf4b0a5_gpt35,88
A2BZNBWKRARWBW,a49551f75da3400d4e394ff9ec0de104_gpt35,87
A2BZNBWKRARWBW,bddbb16d7f0f1189e10c31c8d7eb219f_gpt35,19
A2BZNBWKRARWBW,e2f329ba8673600592e1cec1826d0233_gpt35,89
A2BZNBWKRARWBW,e66f6ad36cd11d1ffd60f4454c8b17dc_gpt35,83
A2BZNBWKRARWBW,0ade2de640abfd04af9a76be01ba94c4_llama2-70b,79
A2BZNBWKRARWBW,af9364c977f77e4401abf3d95e2c3801_llama2-70b,68
A2BZNBWKRARWBW,b4148c64908a5314ee3a659faf3f9316_llama2-70b,70
A2BZNBWKRARWBW,f4bc79b0f94a5a31515637894b02fc95_llama2-70b,77
A2BZNBWKRARWBW,10fa33b503807dc4449a08fbaf451a1d_llama2-70b,71
A2BZNBWKRARWBW,1ead05af67e697b6595bfa20e017591d_llama2-70b,77
A2BZNBWKRARWBW,8efd4c8fa08261b703ff445d9b572abb_llama2-70b,77
A2BZNBWKRARWBW,ffab9487f39d06124085a467edc0a564_llama2-70b,68
A2BZNBWKRARWBW,2bc427132b3b9dbaa43736e7e2cb2603_llama2-70b,74
A2BZNBWKRARWBW,4cb7fe2dfb58d174858d4596b3aec6a2_llama2-70b,71
A2BZNBWKRARWBW,81b3c275e5a74cb281b6cd5d7e6fa96d_llama2-70b,72
A2BZNBWKRARWBW,cae9822a12f331778e86ec7b161a0e33_llama2-70b,75
A2PP2DVXV14BM2,0eb69b5181fbfb55f7db70a5a435d0c0_gpt4,73
A2PP2DVXV14BM2,67b95ed0c78485194622428b73f99ab6_gpt4,8
A2PP2DVXV14BM2,9268e416f5a9768d6f5b7de6e596b083_gpt4,89
A2PP2DVXV14BM2,dc1f24a9c2312fe8abe2a5dbdf6f35b9_gpt4,7
A2PP2DVXV14BM2,a49551f75da3400d4e394ff9ec0de104_gpt4,87
A2PP2DVXV14BM2,bddbb16d7f0f1189e10c31c8d7eb219f_gpt4,11
A2PP2DVXV14BM2,e2f329ba8673600592e1cec1826d0233_gpt4,87
A2PP2DVXV14BM2,e66f6ad36cd11d1ffd60f4454c8b17dc_gpt4,69
A2PP2DVXV14BM2,61dcc08cdd85688e0f1a137036c89b74_gpt4,9
A2PP2DVXV14BM2,89d71943b387e6d5b70438ffa3dd8925_gpt4,93
A2PP2DVXV14BM2,bbeddfca550988ff6bddfc246c2e4436_gpt4,63
A2PP2DVXV14BM2,dedfd06ec00b86a90417aec111fce87f_gpt4,8
A2PP2DVXV14BM2,51de654e6985688b6997077739cd59c2_gpt35,87
A2PP2DVXV14BM2,51f07ffd318edcddfa2f7fb6103c14da_gpt35,88
A2PP2DVXV14BM2,946ef47a2bdfd2b63c751c35ee67a82c_gpt35,83
A2PP2DVXV14BM2,d88e9532b4922da6ecb543c4e4bc828f_gpt35,88
A2PP2DVXV14BM2,49e09e38e4f5e1dc8a1afe3bc1a47455_llama2-70b,90
A2PP2DVXV14BM2,5fcea8dc3a3a4f89f589333d3acf453f_llama2-70b,8
A2PP2DVXV14BM2,8bac6425b0e1af9936b4567c849a4b2e_llama2-70b,67
A2PP2DVXV14BM2,fa0d4324a6b40ff0b67e2fe7615125fe_llama2-70b,86
A2PP2DVXV14BM2,0fc55c62ac111cc39495b214c65aab29_llama2-70b,91
A2PP2DVXV14BM2,636f0aea25022f4a3d4f60dae3b77a4d_llama2-70b,7
A2PP2DVXV14BM2,a74ea124fc03521b4e5b4c37a1f55cc0_llama2-70b,8
A2PP2DVXV14BM2,e7389561eac2cfd1ab2f83a5327df55d_llama2-70b,8
A2PP2DVXV14BM2,064c274a8b7c7f2a715d9a5c0d39857d_llama2-70b,62
A2PP2DVXV14BM2,80ad80b82cdc784964242a464be496aa_llama2-70b,49
A2PP2DVXV14BM2,a89a7562e7ca1249cc7f75c9657c53f2_llama2-70b,88
A2PP2DVXV14BM2,d11fba45bde4a769535df3b2bd9e540f_llama2-70b,92
A1SA7YC8G8P8EI,0eb69b5181fbfb55f7db70a5a435d0c0_gpt4,84
A1SA7YC8G8P8EI,67b95ed0c78485194622428b73f99ab6_gpt4,18
A1SA7YC8G8P8EI,9268e416f5a9768d6f5b7de6e596b083_gpt4,84
A1SA7YC8G8P8EI,dc1f24a9c2312fe8abe2a5dbdf6f35b9_gpt4,14
A1SA7YC8G8P8EI,0bede8b87fbe1b9a62d1af8c72803e89_gpt4,82
A1SA7YC8G8P8EI,9d297e57c5a58599a68033e3af37e721_gpt4,86
A1SA7YC8G8P8EI,bad4aad54dcb14c4092b4174907aced3_gpt4,84
A1SA7YC8G8P8EI,e18a61f69136d4c282b2ee9edbf3b262_gpt4,89
A1SA7YC8G8P8EI,064c274a8b7c7f2a715d9a5c0d39857d_gpt4,82
A1SA7YC8G8P8EI,80ad80b82cdc784964242a464be496aa_gpt4,17
A1SA7YC8G8P8EI,a89a7562e7ca1249cc7f75c9657c53f2_gpt4,87
A1SA7YC8G8P8EI,d11fba45bde4a769535df3b2bd9e540f_gpt4,87
A1SA7YC8G8P8EI,8d4be55e4176091d498e180d5e3fcdec_llama2-70b,73
A1SA7YC8G8P8EI,9801595161cccfe42b25261d94b183bb_llama2-70b,63
A1SA7YC8G8P8EI,982d99462b7f64f9e9b144bf389f1805_llama2-70b,79
A1SA7YC8G8P8EI,bb552d64f9cf94fe787fb5a76e005364_llama2-70b,77
A1SA7YC8G8P8EI,020d547223b1dd78b09a4294faad27bb_llama2-70b,74
A1SA7YC8G8P8EI,837db1a79f848c4c64fd8f994ccb6b3a_llama2-70b,78
A1SA7YC8G8P8EI,a89cb42b83657f191d4abc29683ff669_llama2-70b,33
A1SA7YC8G8P8EI,eda191b158a72f99c4e59b3e8c3f5a99_llama2-70b,33
A1SA7YC8G8P8EI,132cc0e006a0453ef7923e886bfe053d_llama2-70b,63
A1SA7YC8G8P8EI,1a48a50600650b62e10587f5a6356255_llama2-70b,59
A1SA7YC8G8P8EI,c0e7f464cfb61636a24f8e2f3b8f2ab1_llama2-70b,75
A1SA7YC8G8P8EI,c528f5e53e029fee09e6d1c0fb03078a_llama2-70b,31
A1WYKGQX8SSNMI,0eb69b5181fbfb55f7db70a5a435d0c0_gpt4,75
A1WYKGQX8SSNMI,67b95ed0c78485194622428b73f99ab6_gpt4,16
A1WYKGQX8SSNMI,9268e416f5a9768d6f5b7de6e596b083_gpt4,87
A1WYKGQX8SSNMI,dc1f24a9c2312fe8abe2a5dbdf6f35b9_gpt4,11
A1WYKGQX8SSNMI,3e4918c0c8e4838c32ed77f8467399c6_gpt4,39
A1WYKGQX8SSNMI,688bde5344b80bbcdb650e9f7bb354fc_gpt4,24
A1WYKGQX8SSNMI,a4829132b492a50c9bbb822b9dfe8ba1_gpt4,10
A1WYKGQX8SSNMI,ea49d042c5bbf91c1917dc97ecf4b0a5_gpt4,73
A1WYKGQX8SSNMI,06b3afa146800484bf727f9d33e4e9f2_gpt4,69
A1WYKGQX8SSNMI,3ee7bbf6b00d0dbeb1e8556c04b777c2_gpt4,69
A1WYKGQX8SSNMI,520d516ab00c156c492b5fd1e45d2ff3_gpt4,83
A1WYKGQX8SSNMI,e566995b2bc4b20ae5c027f79547554c_gpt4,79
A1WYKGQX8SSNMI,0883e481739f6ebfe3a2c564153e94a5_gpt35,76
A1WYKGQX8SSNMI,5b10b998f02dd8314afe487bab53626a_gpt35,59
A1WYKGQX8SSNMI,7202fca7eaec1f583cd2000c2d71c2d7_gpt35,82
A1WYKGQX8SSNMI,89694e30b2b62b5a646a0ed9cbc38788_gpt35,61
A1WYKGQX8SSNMI,132cc0e006a0453ef7923e886bfe053d_gpt35,67
A1WYKGQX8SSNMI,1a48a50600650b62e10587f5a6356255_gpt35,73
A1WYKGQX8SSNMI,c0e7f464cfb61636a24f8e2f3b8f2ab1_gpt35,35
A1WYKGQX8SSNMI,c528f5e53e029fee09e6d1c0fb03078a_gpt35,68
A1WYKGQX8SSNMI,434f423391ea5ec6e9e85a87adc56d5c_llama2-70b,87
A1WYKGQX8SSNMI,5d8f28f1ea509f6061e752fed84ce382_llama2-70b,16
A1WYKGQX8SSNMI,66af23f535bc2f1bd77664734be18c01_llama2-70b,87
A1WYKGQX8SSNMI,8d7f8166c8bb6344d0b8f3c89af32039_llama2-70b,87
A1WYKGQX8SSNMI,0883e481739f6ebfe3a2c564153e94a5_llama2-70b,18
A1WYKGQX8SSNMI,5b10b998f02dd8314afe487bab53626a_llama2-70b,14
A1WYKGQX8SSNMI,7202fca7eaec1f583cd2000c2d71c2d7_llama2-70b,84
A1WYKGQX8SSNMI,89694e30b2b62b5a646a0ed9cbc38788_llama2-70b,82
A1WYKGQX8SSNMI,2b93003f1ce21d36d16e519ec583e3da_llama2-70b,25
A1WYKGQX8SSNMI,2d34a3aea4d3c073f21fb90919d00f37_llama2-70b,86
A1WYKGQX8SSNMI,4bc1f679ff7cfe6b56848f9b09d5aaaa_llama2-70b,84
A1WYKGQX8SSNMI,93ac268f2f4d23432e6a1f83ac4f8903_llama2-70b,85
A2Z0OH990725SA,3e4918c0c8e4838c32ed77f8467399c6_gpt4,11
A2Z0OH990725SA,688bde5344b80bbcdb650e9f7bb354fc_gpt4,85
A2Z0OH990725SA,a4829132b492a50c9bbb822b9dfe8ba1_gpt4,16
A2Z0OH990725SA,ea49d042c5bbf91c1917dc97ecf4b0a5_gpt4,85
A2Z0OH990725SA,a49551f75da3400d4e394ff9ec0de104_gpt4,82
A2Z0OH990725SA,bddbb16d7f0f1189e10c31c8d7eb219f_gpt4,93
A2Z0OH990725SA,e2f329ba8673600592e1cec1826d0233_gpt4,92
A2Z0OH990725SA,e66f6ad36cd11d1ffd60f4454c8b17dc_gpt4,94
A2Z0OH990725SA,61dcc08cdd85688e0f1a137036c89b74_gpt4,83
A2Z0OH990725SA,89d71943b387e6d5b70438ffa3dd8925_gpt4,83
A2Z0OH990725SA,bbeddfca550988ff6bddfc246c2e4436_gpt4,81
A2Z0OH990725SA,dedfd06ec00b86a90417aec111fce87f_gpt4,88
A2Z0OH990725SA,06b3afa146800484bf727f9d33e4e9f2_gpt35,81
A2Z0OH990725SA,3ee7bbf6b00d0dbeb1e8556c04b777c2_gpt35,71
A2Z0OH990725SA,520d516ab00c156c492b5fd1e45d2ff3_gpt35,85
A2Z0OH990725SA,e566995b2bc4b20ae5c027f79547554c_gpt35,86
A2Z0OH990725SA,0bede8b87fbe1b9a62d1af8c72803e89_gpt35,72
A2Z0OH990725SA,9d297e57c5a58599a68033e3af37e721_gpt35,87
A2Z0OH990725SA,bad4aad54dcb14c4092b4174907aced3_gpt35,22
A2Z0OH990725SA,e18a61f69136d4c282b2ee9edbf3b262_gpt35,82
A2Z0OH990725SA,0eb69b5181fbfb55f7db70a5a435d0c0_llama2-70b,88
A2Z0OH990725SA,67b95ed0c78485194622428b73f99ab6_llama2-70b,88
A2Z0OH990725SA,9268e416f5a9768d6f5b7de6e596b083_llama2-70b,89
A2Z0OH990725SA,dc1f24a9c2312fe8abe2a5dbdf6f35b9_llama2-70b,88
A2Z0OH990725SA,06b3afa146800484bf727f9d33e4e9f2_llama2-70b,91
A2Z0OH990725SA,3ee7bbf6b00d0dbeb1e8556c04b777c2_llama2-70b,90
A2Z0OH990725SA,520d516ab00c156c492b5fd1e45d2ff3_llama2-70b,88
A2Z0OH990725SA,e566995b2bc4b20ae5c027f79547554c_llama2-70b,87
A2Z0OH990725SA,61dcc08cdd85688e0f1a137036c89b74_llama2-70b,84
A2Z0OH990725SA,89d71943b387e6d5b70438ffa3dd8925_llama2-70b,87
A2Z0OH990725SA,bbeddfca550988ff6bddfc246c2e4436_llama2-70b,87
A2Z0OH990725SA,dedfd06ec00b86a90417aec111fce87f_llama2-70b,7
A1RWEVPFIR1M18,3e4918c0c8e4838c32ed77f8467399c6_gpt4,8
A1RWEVPFIR1M18,688bde5344b80bbcdb650e9f7bb354fc_gpt4,4
A1RWEVPFIR1M18,a4829132b492a50c9bbb822b9dfe8ba1_gpt4,6
A1RWEVPFIR1M18,ea49d042c5bbf91c1917dc97ecf4b0a5_gpt4,5
A1RWEVPFIR1M18,0bede8b87fbe1b9a62d1af8c72803e89_gpt4,75
A1RWEVPFIR1M18,9d297e57c5a58599a68033e3af37e721_gpt4,79
A1RWEVPFIR1M18,bad4aad54dcb14c4092b4174907aced3_gpt4,10
A1RWEVPFIR1M18,e18a61f69136d4c282b2ee9edbf3b262_gpt4,91
A1RWEVPFIR1M18,2b93003f1ce21d36d16e519ec583e3da_gpt4,11
A1RWEVPFIR1M18,2d34a3aea4d3c073f21fb90919d00f37_gpt4,87
A1RWEVPFIR1M18,4bc1f679ff7cfe6b56848f9b09d5aaaa_gpt4,11
A1RWEVPFIR1M18,93ac268f2f4d23432e6a1f83ac4f8903_gpt4,17
A1RWEVPFIR1M18,49e09e38e4f5e1dc8a1afe3bc1a47455_gpt35,13
A1RWEVPFIR1M18,5fcea8dc3a3a4f89f589333d3acf453f_gpt35,91
A1RWEVPFIR1M18,8bac6425b0e1af9936b4567c849a4b2e_gpt35,93
A1RWEVPFIR1M18,fa0d4324a6b40ff0b67e2fe7615125fe_gpt35,90
A1RWEVPFIR1M18,0fc55c62ac111cc39495b214c65aab29_llama2-70b,88
A1RWEVPFIR1M18,636f0aea25022f4a3d4f60dae3b77a4d_llama2-70b,10
A1RWEVPFIR1M18,a74ea124fc03521b4e5b4c37a1f55cc0_llama2-70b,89
A1RWEVPFIR1M18,e7389561eac2cfd1ab2f83a5327df55d_llama2-70b,9
A1RWEVPFIR1M18,132cc0e006a0453ef7923e886bfe053d_llama2-70b,82
A1RWEVPFIR1M18,1a48a50600650b62e10587f5a6356255_llama2-70b,88
A1RWEVPFIR1M18,c0e7f464cfb61636a24f8e2f3b8f2ab1_llama2-70b,15
A1RWEVPFIR1M18,c528f5e53e029fee09e6d1c0fb03078a_llama2-70b,90
A1RWEVPFIR1M18,06b3afa146800484bf727f9d33e4e9f2_llama2-70b,84
A1RWEVPFIR1M18,3ee7bbf6b00d0dbeb1e8556c04b777c2_llama2-70b,88
A1RWEVPFIR1M18,520d516ab00c156c492b5fd1e45d2ff3_llama2-70b,86
A1RWEVPFIR1M18,e566995b2bc4b20ae5c027f79547554c_llama2-70b,15
A1ZKU0LH28K8NP,01630cce10f88c316eef89303fd05ee7_gpt4,95
A1ZKU0LH28K8NP,421e3a4e4e22b76cc1a54a315da1ae36_gpt4,93
A1ZKU0LH28K8NP,ab0dbc5a18f680badf21470dd8887d37_gpt4,86
A1ZKU0LH28K8NP,d04b95aee316ff794f7ab76fcab638f4_gpt4,96
A1ZKU0LH28K8NP,06b3afa146800484bf727f9d33e4e9f2_gpt4,95
A1ZKU0LH28K8NP,3ee7bbf6b00d0dbeb1e8556c04b777c2_gpt4,96
A1ZKU0LH28K8NP,520d516ab00c156c492b5fd1e45d2ff3_gpt4,94
A1ZKU0LH28K8NP,e566995b2bc4b20ae5c027f79547554c_gpt4,97
A1ZKU0LH28K8NP,35054e8285636c8d9d94f73635f3fad2_gpt4,94
A1ZKU0LH28K8NP,82f2cb3c64ef3da58f0295b90f087d2e_gpt4,95
A1ZKU0LH28K8NP,898cf5f1aa59c0bfdf9bbb18d0c7a6e6_gpt4,90
A1ZKU0LH28K8NP,b6f5d0b8201786f2277379237d8954b7_gpt4,92
A1ZKU0LH28K8NP,42dba2241ed1ef7e6c707aaa61e3aff2_llama2-70b,10
A1ZKU0LH28K8NP,50337af9e43e1c0443c712671b753a99_llama2-70b,75
A1ZKU0LH28K8NP,530a094b9fbf479c784a1ce67e47c6b4_llama2-70b,88
A1ZKU0LH28K8NP,b9ea41b22f020eff5ea1f09507904630_llama2-70b,85
A1ZKU0LH28K8NP,4063365859c7241903fb4f96c7d96688_llama2-70b,81
A1ZKU0LH28K8NP,4ddbe893fac8b26af866c9ba1766f481_llama2-70b,84
A1ZKU0LH28K8NP,6a45466cfe77a2a109a3177309549923_llama2-70b,26
A1ZKU0LH28K8NP,870d21ac1ed82b572f512d56c83f8c04_llama2-70b,64
A1ZKU0LH28K8NP,2b93003f1ce21d36d16e519ec583e3da_llama2-70b,17
A1ZKU0LH28K8NP,2d34a3aea4d3c073f21fb90919d00f37_llama2-70b,82
A1ZKU0LH28K8NP,4bc1f679ff7cfe6b56848f9b09d5aaaa_llama2-70b,70
A1ZKU0LH28K8NP,93ac268f2f4d23432e6a1f83ac4f8903_llama2-70b,5
A6YJYA32K4A1D,06b3afa146800484bf727f9d33e4e9f2_gpt4,24
A6YJYA32K4A1D,3ee7bbf6b00d0dbeb1e8556c04b777c2_gpt4,94
A6YJYA32K4A1D,520d516ab00c156c492b5fd1e45d2ff3_gpt4,17
A6YJYA32K4A1D,e566995b2bc4b20ae5c027f79547554c_gpt4,52
A2893LTGSDN0SM,35054e8285636c8d9d94f73635f3fad2_gpt4,77
A2893LTGSDN0SM,82f2cb3c64ef3da58f0295b90f087d2e_gpt4,61
A2893LTGSDN0SM,898cf5f1aa59c0bfdf9bbb18d0c7a6e6_gpt4,75
A2893LTGSDN0SM,b6f5d0b8201786f2277379237d8954b7_gpt4,36
A2893LTGSDN0SM,1643f3e44c9bcb8fd85e679188e9526a_gpt4,63
A2893LTGSDN0SM,3f07314f131266088fea3b991c37cfbe_gpt4,67
A2893LTGSDN0SM,4d74e871e8b730bdd3f4d5413530d3bd_gpt4,30
A2893LTGSDN0SM,a0f636588f6a5ed0544c513bc9498445_gpt4,68
A2893LTGSDN0SM,0125ad6bdbdebb865949ea7357d32657_gpt4,91
A2893LTGSDN0SM,22ed5820b84b8f241fb82eafbdc88546_gpt4,96
A2893LTGSDN0SM,d60a52137ddb86ba506e367f62498bfd_gpt4,63
A2893LTGSDN0SM,f8beab78ae49d789bf752d45d980b505_gpt4,66
A2893LTGSDN0SM,7050b0a62e1b7ce21ce43393d9220cfa_gpt35,6
A2893LTGSDN0SM,7b7cde1eeb0dd59d5e9466229fa74855_gpt35,88
A2893LTGSDN0SM,b79ae5ea542449e6e75a39b405c6b98c_gpt35,87
A2893LTGSDN0SM,ec060b3aae1183c5e1731e3cba034e85_gpt35,89
A2893LTGSDN0SM,132cc0e006a0453ef7923e886bfe053d_gpt35,90
A2893LTGSDN0SM,1a48a50600650b62e10587f5a6356255_gpt35,89
A2893LTGSDN0SM,c0e7f464cfb61636a24f8e2f3b8f2ab1_gpt35,92
A2893LTGSDN0SM,c528f5e53e029fee09e6d1c0fb03078a_gpt35,9
A2893LTGSDN0SM,1420df045728c9f0cd0be4605734a3b0_gpt35,73
A2893LTGSDN0SM,29e542006ba432a0caf10947b672c7d0_gpt35,88
A2893LTGSDN0SM,bd7efc7c7481055ccb4ee2cf78bf3034_gpt35,5
A2893LTGSDN0SM,e9de43e464b2a30e6859c2dd36f932f5_gpt35,84
A2893LTGSDN0SM,064c274a8b7c7f2a715d9a5c0d39857d_gpt35,5
A2893LTGSDN0SM,80ad80b82cdc784964242a464be496aa_gpt35,70
A2893LTGSDN0SM,a89a7562e7ca1249cc7f75c9657c53f2_gpt35,88
A2893LTGSDN0SM,d11fba45bde4a769535df3b2bd9e540f_gpt35,95
A2893LTGSDN0SM,2bc427132b3b9dbaa43736e7e2cb2603_llama2-70b,86
A2893LTGSDN0SM,4cb7fe2dfb58d174858d4596b3aec6a2_llama2-70b,90
A2893LTGSDN0SM,81b3c275e5a74cb281b6cd5d7e6fa96d_llama2-70b,89
A2893LTGSDN0SM,cae9822a12f331778e86ec7b161a0e33_llama2-70b,91
A2893LTGSDN0SM,3700c4bb1e8354976207f11b9577d1bd_llama2-70b,92
A2893LTGSDN0SM,59d8a1fe2b05e6ed62fce3c7d561287e_llama2-70b,88
A2893LTGSDN0SM,d01b52c050a578bada210b44f959beb3_llama2-70b,85
A2893LTGSDN0SM,d30bd3615322f678369e332b02be5091_llama2-70b,11
A2893LTGSDN0SM,132cc0e006a0453ef7923e886bfe053d_llama2-70b,89
A2893LTGSDN0SM,1a48a50600650b62e10587f5a6356255_llama2-70b,86
A2893LTGSDN0SM,c0e7f464cfb61636a24f8e2f3b8f2ab1_llama2-70b,84
A2893LTGSDN0SM,c528f5e53e029fee09e6d1c0fb03078a_llama2-70b,81
A2BHW94Y9PQJW8,44701d7f1144f60929701fbaeefe8415_gpt4,88
A2BHW94Y9PQJW8,7b6c86dee31757abd4e0638e90adbe09_gpt4,90
A2BHW94Y9PQJW8,a020dac9dcff53d143165d7a465aa0f9_gpt4,91
A2BHW94Y9PQJW8,dd1b6f76641236daf7e81542e99c42db_gpt4,89
A2BHW94Y9PQJW8,1420df045728c9f0cd0be4605734a3b0_gpt4,8
A2BHW94Y9PQJW8,29e542006ba432a0caf10947b672c7d0_gpt4,87
A2BHW94Y9PQJW8,bd7efc7c7481055ccb4ee2cf78bf3034_gpt4,86
A2BHW94Y9PQJW8,e9de43e464b2a30e6859c2dd36f932f5_gpt4,92
A2BHW94Y9PQJW8,0125ad6bdbdebb865949ea7357d32657_gpt4,78
A2BHW94Y9PQJW8,22ed5820b84b8f241fb82eafbdc88546_gpt4,81
A2BHW94Y9PQJW8,d60a52137ddb86ba506e367f62498bfd_gpt4,87
A2BHW94Y9PQJW8,f8beab78ae49d789bf752d45d980b505_gpt4,86
A2BHW94Y9PQJW8,44701d7f1144f60929701fbaeefe8415_gpt35,83
A2BHW94Y9PQJW8,7b6c86dee31757abd4e0638e90adbe09_gpt35,13
A2BHW94Y9PQJW8,a020dac9dcff53d143165d7a465aa0f9_gpt35,87
A2BHW94Y9PQJW8,dd1b6f76641236daf7e81542e99c42db_gpt35,11
A16G7P6Q88WPHP,0bede8b87fbe1b9a62d1af8c72803e89_gpt4,71
A16G7P6Q88WPHP,9d297e57c5a58599a68033e3af37e721_gpt4,73
A16G7P6Q88WPHP,bad4aad54dcb14c4092b4174907aced3_gpt4,76
A16G7P6Q88WPHP,e18a61f69136d4c282b2ee9edbf3b262_gpt4,72
A324C5L6JIMN16,2b93003f1ce21d36d16e519ec583e3da_gpt4,73
A324C5L6JIMN16,2d34a3aea4d3c073f21fb90919d00f37_gpt4,59
A324C5L6JIMN16,4bc1f679ff7cfe6b56848f9b09d5aaaa_gpt4,62
A324C5L6JIMN16,93ac268f2f4d23432e6a1f83ac4f8903_gpt4,66
A2DGBPX9UOQC54,51de654e6985688b6997077739cd59c2_gpt35,81
A2DGBPX9UOQC54,51f07ffd318edcddfa2f7fb6103c14da_gpt35,88
A2DGBPX9UOQC54,946ef47a2bdfd2b63c751c35ee67a82c_gpt35,76
A2DGBPX9UOQC54,d88e9532b4922da6ecb543c4e4bc828f_gpt35,82
A2DGBPX9UOQC54,1420df045728c9f0cd0be4605734a3b0_gpt35,92
A2DGBPX9UOQC54,29e542006ba432a0caf10947b672c7d0_gpt35,93
A2DGBPX9UOQC54,bd7efc7c7481055ccb4ee2cf78bf3034_gpt35,78
A2DGBPX9UOQC54,e9de43e464b2a30e6859c2dd36f932f5_gpt35,82
A2DGBPX9UOQC54,61dcc08cdd85688e0f1a137036c89b74_gpt35,88
A2DGBPX9UOQC54,89d71943b387e6d5b70438ffa3dd8925_gpt35,84
A2DGBPX9UOQC54,bbeddfca550988ff6bddfc246c2e4436_gpt35,96
A2DGBPX9UOQC54,dedfd06ec00b86a90417aec111fce87f_gpt35,75
A2DGBPX9UOQC54,0125ad6bdbdebb865949ea7357d32657_gpt35,69
A2DGBPX9UOQC54,22ed5820b84b8f241fb82eafbdc88546_gpt35,19
A2DGBPX9UOQC54,d60a52137ddb86ba506e367f62498bfd_gpt35,81
A2DGBPX9UOQC54,f8beab78ae49d789bf752d45d980b505_gpt35,90
A2DGBPX9UOQC54,2b93003f1ce21d36d16e519ec583e3da_gpt35,73
A2DGBPX9UOQC54,2d34a3aea4d3c073f21fb90919d00f37_gpt35,98
A2DGBPX9UOQC54,4bc1f679ff7cfe6b56848f9b09d5aaaa_gpt35,85
A2DGBPX9UOQC54,93ac268f2f4d23432e6a1f83ac4f8903_gpt35,90
A345TDMHP3DQ3G,51de654e6985688b6997077739cd59c2_gpt35,46
A345TDMHP3DQ3G,51f07ffd318edcddfa2f7fb6103c14da_gpt35,36
A345TDMHP3DQ3G,946ef47a2bdfd2b63c751c35ee67a82c_gpt35,67
A345TDMHP3DQ3G,d88e9532b4922da6ecb543c4e4bc828f_gpt35,97
A345TDMHP3DQ3G,44701d7f1144f60929701fbaeefe8415_gpt35,61
A345TDMHP3DQ3G,7b6c86dee31757abd4e0638e90adbe09_gpt35,84
A345TDMHP3DQ3G,a020dac9dcff53d143165d7a465aa0f9_gpt35,3
A345TDMHP3DQ3G,dd1b6f76641236daf7e81542e99c42db_gpt35,87
A345TDMHP3DQ3G,0bede8b87fbe1b9a62d1af8c72803e89_gpt35,78
A345TDMHP3DQ3G,9d297e57c5a58599a68033e3af37e721_gpt35,50
A345TDMHP3DQ3G,bad4aad54dcb14c4092b4174907aced3_gpt35,9
A345TDMHP3DQ3G,e18a61f69136d4c282b2ee9edbf3b262_gpt35,97
A345TDMHP3DQ3G,0125ad6bdbdebb865949ea7357d32657_gpt35,98
A345TDMHP3DQ3G,22ed5820b84b8f241fb82eafbdc88546_gpt35,10
A345TDMHP3DQ3G,d60a52137ddb86ba506e367f62498bfd_gpt35,15
A345TDMHP3DQ3G,f8beab78ae49d789bf752d45d980b505_gpt35,84
A345TDMHP3DQ3G,0ade2de640abfd04af9a76be01ba94c4_llama2-70b,98
A345TDMHP3DQ3G,af9364c977f77e4401abf3d95e2c3801_llama2-70b,100
A345TDMHP3DQ3G,b4148c64908a5314ee3a659faf3f9316_llama2-70b,99
A345TDMHP3DQ3G,f4bc79b0f94a5a31515637894b02fc95_llama2-70b,97
A345TDMHP3DQ3G,10fa33b503807dc4449a08fbaf451a1d_llama2-70b,68
A345TDMHP3DQ3G,1ead05af67e697b6595bfa20e017591d_llama2-70b,96
A345TDMHP3DQ3G,8efd4c8fa08261b703ff445d9b572abb_llama2-70b,83
A345TDMHP3DQ3G,ffab9487f39d06124085a467edc0a564_llama2-70b,72
A345TDMHP3DQ3G,8d4be55e4176091d498e180d5e3fcdec_llama2-70b,97
A345TDMHP3DQ3G,9801595161cccfe42b25261d94b183bb_llama2-70b,94
A345TDMHP3DQ3G,982d99462b7f64f9e9b144bf389f1805_llama2-70b,5
A345TDMHP3DQ3G,bb552d64f9cf94fe787fb5a76e005364_llama2-70b,2
A345TDMHP3DQ3G,0883e481739f6ebfe3a2c564153e94a5_llama2-70b,5
A345TDMHP3DQ3G,5b10b998f02dd8314afe487bab53626a_llama2-70b,0
A345TDMHP3DQ3G,7202fca7eaec1f583cd2000c2d71c2d7_llama2-70b,95
A345TDMHP3DQ3G,89694e30b2b62b5a646a0ed9cbc38788_llama2-70b,2
A345TDMHP3DQ3G,0fc55c62ac111cc39495b214c65aab29_llama2-70b,99
A345TDMHP3DQ3G,636f0aea25022f4a3d4f60dae3b77a4d_llama2-70b,3
A345TDMHP3DQ3G,a74ea124fc03521b4e5b4c37a1f55cc0_llama2-70b,97
A345TDMHP3DQ3G,e7389561eac2cfd1ab2f83a5327df55d_llama2-70b,89
A345TDMHP3DQ3G,a49551f75da3400d4e394ff9ec0de104_llama2-70b,74
A345TDMHP3DQ3G,bddbb16d7f0f1189e10c31c8d7eb219f_llama2-70b,5
A345TDMHP3DQ3G,e2f329ba8673600592e1cec1826d0233_llama2-70b,4
A345TDMHP3DQ3G,e66f6ad36cd11d1ffd60f4454c8b17dc_llama2-70b,89
A2MNDEDR8O8KVC,020d547223b1dd78b09a4294faad27bb_gpt35,69
A2MNDEDR8O8KVC,837db1a79f848c4c64fd8f994ccb6b3a_gpt35,37
A2MNDEDR8O8KVC,a89cb42b83657f191d4abc29683ff669_gpt35,66
A2MNDEDR8O8KVC,eda191b158a72f99c4e59b3e8c3f5a99_gpt35,82
A2MNDEDR8O8KVC,434f423391ea5ec6e9e85a87adc56d5c_gpt35,29
A2MNDEDR8O8KVC,5d8f28f1ea509f6061e752fed84ce382_gpt35,25
A2MNDEDR8O8KVC,66af23f535bc2f1bd77664734be18c01_gpt35,69
A2MNDEDR8O8KVC,8d7f8166c8bb6344d0b8f3c89af32039_gpt35,74
A2MNDEDR8O8KVC,0784404b9548c2f913fc983f85a68885_llama2-70b,83
A2MNDEDR8O8KVC,3abcc04d9af972c49e3635f30343a4aa_llama2-70b,82
A2MNDEDR8O8KVC,ec074dc7e8e07ee7d642fc232c631fcf_llama2-70b,70
A2MNDEDR8O8KVC,fe1e9530cf29ced7dbf8096de929fb67_llama2-70b,82
A2MNDEDR8O8KVC,06b3afa146800484bf727f9d33e4e9f2_llama2-70b,86
A2MNDEDR8O8KVC,3ee7bbf6b00d0dbeb1e8556c04b777c2_llama2-70b,89
A2MNDEDR8O8KVC,520d516ab00c156c492b5fd1e45d2ff3_llama2-70b,83
A2MNDEDR8O8KVC,e566995b2bc4b20ae5c027f79547554c_llama2-70b,85
A2MNDEDR8O8KVC,1420df045728c9f0cd0be4605734a3b0_llama2-70b,14
A2MNDEDR8O8KVC,29e542006ba432a0caf10947b672c7d0_llama2-70b,82
A2MNDEDR8O8KVC,bd7efc7c7481055ccb4ee2cf78bf3034_llama2-70b,84
A2MNDEDR8O8KVC,e9de43e464b2a30e6859c2dd36f932f5_llama2-70b,65
A12JMDZR9O4MJ4,42dba2241ed1ef7e6c707aaa61e3aff2_gpt35,91
A12JMDZR9O4MJ4,50337af9e43e1c0443c712671b753a99_gpt35,99
A12JMDZR9O4MJ4,530a094b9fbf479c784a1ce67e47c6b4_gpt35,92
A12JMDZR9O4MJ4,b9ea41b22f020eff5ea1f09507904630_gpt35,81
A12JMDZR9O4MJ4,4063365859c7241903fb4f96c7d96688_gpt35,64
A12JMDZR9O4MJ4,4ddbe893fac8b26af866c9ba1766f481_gpt35,75
A12JMDZR9O4MJ4,6a45466cfe77a2a109a3177309549923_gpt35,90
A12JMDZR9O4MJ4,870d21ac1ed82b572f512d56c83f8c04_gpt35,95
A12JMDZR9O4MJ4,35054e8285636c8d9d94f73635f3fad2_gpt35,98
A12JMDZR9O4MJ4,82f2cb3c64ef3da58f0295b90f087d2e_gpt35,82
A12JMDZR9O4MJ4,898cf5f1aa59c0bfdf9bbb18d0c7a6e6_gpt35,2
A12JMDZR9O4MJ4,b6f5d0b8201786f2277379237d8954b7_gpt35,91
A12JMDZR9O4MJ4,a49551f75da3400d4e394ff9ec0de104_gpt35,90
A12JMDZR9O4MJ4,bddbb16d7f0f1189e10c31c8d7eb219f_gpt35,82
A12JMDZR9O4MJ4,e2f329ba8673600592e1cec1826d0233_gpt35,72
A12JMDZR9O4MJ4,e66f6ad36cd11d1ffd60f4454c8b17dc_gpt35,13
A12JMDZR9O4MJ4,2b93003f1ce21d36d16e519ec583e3da_gpt35,38
A12JMDZR9O4MJ4,2d34a3aea4d3c073f21fb90919d00f37_gpt35,82
A12JMDZR9O4MJ4,4bc1f679ff7cfe6b56848f9b09d5aaaa_gpt35,87
A12JMDZR9O4MJ4,93ac268f2f4d23432e6a1f83ac4f8903_gpt35,77
A1TQGS8RVEH8ZD,49e09e38e4f5e1dc8a1afe3bc1a47455_gpt35,77
A1TQGS8RVEH8ZD,5fcea8dc3a3a4f89f589333d3acf453f_gpt35,94
A1TQGS8RVEH8ZD,8bac6425b0e1af9936b4567c849a4b2e_gpt35,94
A1TQGS8RVEH8ZD,fa0d4324a6b40ff0b67e2fe7615125fe_gpt35,96
A1TQGS8RVEH8ZD,0883e481739f6ebfe3a2c564153e94a5_gpt35,94
A1TQGS8RVEH8ZD,5b10b998f02dd8314afe487bab53626a_gpt35,85
A1TQGS8RVEH8ZD,7202fca7eaec1f583cd2000c2d71c2d7_gpt35,84
A1TQGS8RVEH8ZD,89694e30b2b62b5a646a0ed9cbc38788_gpt35,79
A1TQGS8RVEH8ZD,35054e8285636c8d9d94f73635f3fad2_gpt35,81
A1TQGS8RVEH8ZD,82f2cb3c64ef3da58f0295b90f087d2e_gpt35,75
A1TQGS8RVEH8ZD,898cf5f1aa59c0bfdf9bbb18d0c7a6e6_gpt35,8
A1TQGS8RVEH8ZD,b6f5d0b8201786f2277379237d8954b7_gpt35,97
A1TQGS8RVEH8ZD,1643f3e44c9bcb8fd85e679188e9526a_gpt35,86
A1TQGS8RVEH8ZD,3f07314f131266088fea3b991c37cfbe_gpt35,95
A1TQGS8RVEH8ZD,4d74e871e8b730bdd3f4d5413530d3bd_gpt35,83
A1TQGS8RVEH8ZD,a0f636588f6a5ed0544c513bc9498445_gpt35,93
A1TQGS8RVEH8ZD,064c274a8b7c7f2a715d9a5c0d39857d_gpt35,89
A1TQGS8RVEH8ZD,80ad80b82cdc784964242a464be496aa_gpt35,7
A1TQGS8RVEH8ZD,a89a7562e7ca1249cc7f75c9657c53f2_gpt35,96
A1TQGS8RVEH8ZD,d11fba45bde4a769535df3b2bd9e540f_gpt35,90
A2I4Y9OC10S8Q4,49e09e38e4f5e1dc8a1afe3bc1a47455_gpt35,64
A2I4Y9OC10S8Q4,5fcea8dc3a3a4f89f589333d3acf453f_gpt35,72
A2I4Y9OC10S8Q4,8bac6425b0e1af9936b4567c849a4b2e_gpt35,69
A2I4Y9OC10S8Q4,fa0d4324a6b40ff0b67e2fe7615125fe_gpt35,69
A2I4Y9OC10S8Q4,4063365859c7241903fb4f96c7d96688_gpt35,62
A2I4Y9OC10S8Q4,4ddbe893fac8b26af866c9ba1766f481_gpt35,66
A2I4Y9OC10S8Q4,6a45466cfe77a2a109a3177309549923_gpt35,75
A2I4Y9OC10S8Q4,870d21ac1ed82b572f512d56c83f8c04_gpt35,80
A2I4Y9OC10S8Q4,434f423391ea5ec6e9e85a87adc56d5c_gpt35,66
A2I4Y9OC10S8Q4,5d8f28f1ea509f6061e752fed84ce382_gpt35,44
A2I4Y9OC10S8Q4,66af23f535bc2f1bd77664734be18c01_gpt35,72
A2I4Y9OC10S8Q4,8d7f8166c8bb6344d0b8f3c89af32039_gpt35,61
A2I4Y9OC10S8Q4,3e4918c0c8e4838c32ed77f8467399c6_gpt35,77
A2I4Y9OC10S8Q4,688bde5344b80bbcdb650e9f7bb354fc_gpt35,68
A2I4Y9OC10S8Q4,a4829132b492a50c9bbb822b9dfe8ba1_gpt35,66
A2I4Y9OC10S8Q4,ea49d042c5bbf91c1917dc97ecf4b0a5_gpt35,75
A2I4Y9OC10S8Q4,01630cce10f88c316eef89303fd05ee7_gpt35,70
A2I4Y9OC10S8Q4,421e3a4e4e22b76cc1a54a315da1ae36_gpt35,72
A2I4Y9OC10S8Q4,ab0dbc5a18f680badf21470dd8887d37_gpt35,27
A2I4Y9OC10S8Q4,d04b95aee316ff794f7ab76fcab638f4_gpt35,81
A2I4Y9OC10S8Q4,44701d7f1144f60929701fbaeefe8415_gpt35,68
A2I4Y9OC10S8Q4,7b6c86dee31757abd4e0638e90adbe09_gpt35,68
A2I4Y9OC10S8Q4,a020dac9dcff53d143165d7a465aa0f9_gpt35,69
A2I4Y9OC10S8Q4,dd1b6f76641236daf7e81542e99c42db_gpt35,63
A2I4Y9OC10S8Q4,1643f3e44c9bcb8fd85e679188e9526a_gpt35,66
A2I4Y9OC10S8Q4,3f07314f131266088fea3b991c37cfbe_gpt35,90
A2I4Y9OC10S8Q4,4d74e871e8b730bdd3f4d5413530d3bd_gpt35,66
A2I4Y9OC10S8Q4,a0f636588f6a5ed0544c513bc9498445_gpt35,63
A2I4Y9OC10S8Q4,2b93003f1ce21d36d16e519ec583e3da_gpt35,64
A2I4Y9OC10S8Q4,2d34a3aea4d3c073f21fb90919d00f37_gpt35,79
A2I4Y9OC10S8Q4,4bc1f679ff7cfe6b56848f9b09d5aaaa_gpt35,56
A2I4Y9OC10S8Q4,93ac268f2f4d23432e6a1f83ac4f8903_gpt35,64
A6KOTWP7N7RLU,434f423391ea5ec6e9e85a87adc56d5c_gpt35,0
A6KOTWP7N7RLU,5d8f28f1ea509f6061e752fed84ce382_gpt35,18
A6KOTWP7N7RLU,66af23f535bc2f1bd77664734be18c01_gpt35,32
A6KOTWP7N7RLU,8d7f8166c8bb6344d0b8f3c89af32039_gpt35,97
A6KOTWP7N7RLU,35054e8285636c8d9d94f73635f3fad2_gpt35,88
A6KOTWP7N7RLU,82f2cb3c64ef3da58f0295b90f087d2e_gpt35,61
A6KOTWP7N7RLU,898cf5f1aa59c0bfdf9bbb18d0c7a6e6_gpt35,81
A6KOTWP7N7RLU,b6f5d0b8201786f2277379237d8954b7_gpt35,100
A6KOTWP7N7RLU,7050b0a62e1b7ce21ce43393d9220cfa_llama2-70b,98
A6KOTWP7N7RLU,7b7cde1eeb0dd59d5e9466229fa74855_llama2-70b,74
A6KOTWP7N7RLU,b79ae5ea542449e6e75a39b405c6b98c_llama2-70b,97
A6KOTWP7N7RLU,ec060b3aae1183c5e1731e3cba034e85_llama2-70b,86
A6KOTWP7N7RLU,06b3afa146800484bf727f9d33e4e9f2_llama2-70b,99
A6KOTWP7N7RLU,3ee7bbf6b00d0dbeb1e8556c04b777c2_llama2-70b,99
A6KOTWP7N7RLU,520d516ab00c156c492b5fd1e45d2ff3_llama2-70b,99
A6KOTWP7N7RLU,e566995b2bc4b20ae5c027f79547554c_llama2-70b,95
A6KOTWP7N7RLU,064c274a8b7c7f2a715d9a5c0d39857d_llama2-70b,95
A6KOTWP7N7RLU,80ad80b82cdc784964242a464be496aa_llama2-70b,99
A6KOTWP7N7RLU,a89a7562e7ca1249cc7f75c9657c53f2_llama2-70b,98
A6KOTWP7N7RLU,d11fba45bde4a769535df3b2bd9e540f_llama2-70b,96
A26RIHOAUBF9KN,0fc55c62ac111cc39495b214c65aab29_gpt35,59
A26RIHOAUBF9KN,636f0aea25022f4a3d4f60dae3b77a4d_gpt35,80
A26RIHOAUBF9KN,a74ea124fc03521b4e5b4c37a1f55cc0_gpt35,60
A26RIHOAUBF9KN,e7389561eac2cfd1ab2f83a5327df55d_gpt35,58
A26RIHOAUBF9KN,1643f3e44c9bcb8fd85e679188e9526a_gpt35,61
A26RIHOAUBF9KN,3f07314f131266088fea3b991c37cfbe_gpt35,70
A26RIHOAUBF9KN,4d74e871e8b730bdd3f4d5413530d3bd_gpt35,63
A26RIHOAUBF9KN,a0f636588f6a5ed0544c513bc9498445_gpt35,69
A31PW970Z2PC5P,0eb69b5181fbfb55f7db70a5a435d0c0_gpt35,82
A31PW970Z2PC5P,67b95ed0c78485194622428b73f99ab6_gpt35,94
A31PW970Z2PC5P,9268e416f5a9768d6f5b7de6e596b083_gpt35,73
A31PW970Z2PC5P,dc1f24a9c2312fe8abe2a5dbdf6f35b9_gpt35,89
A31PW970Z2PC5P,01630cce10f88c316eef89303fd05ee7_gpt35,87
A31PW970Z2PC5P,421e3a4e4e22b76cc1a54a315da1ae36_gpt35,47
A31PW970Z2PC5P,ab0dbc5a18f680badf21470dd8887d37_gpt35,86
A31PW970Z2PC5P,d04b95aee316ff794f7ab76fcab638f4_gpt35,95
A3HX4G5VCYNE6G,132cc0e006a0453ef7923e886bfe053d_gpt35,83
A3HX4G5VCYNE6G,1a48a50600650b62e10587f5a6356255_gpt35,85
A3HX4G5VCYNE6G,c0e7f464cfb61636a24f8e2f3b8f2ab1_gpt35,83
A3HX4G5VCYNE6G,c528f5e53e029fee09e6d1c0fb03078a_gpt35,82
A3HX4G5VCYNE6G,064c274a8b7c7f2a715d9a5c0d39857d_gpt35,90
A3HX4G5VCYNE6G,80ad80b82cdc784964242a464be496aa_gpt35,61
A3HX4G5VCYNE6G,a89a7562e7ca1249cc7f75c9657c53f2_gpt35,83
A3HX4G5VCYNE6G,d11fba45bde4a769535df3b2bd9e540f_gpt35,86
A3HX4G5VCYNE6G,4063365859c7241903fb4f96c7d96688_llama2-70b,90
A3HX4G5VCYNE6G,4ddbe893fac8b26af866c9ba1766f481_llama2-70b,90
A3HX4G5VCYNE6G,6a45466cfe77a2a109a3177309549923_llama2-70b,11
A3HX4G5VCYNE6G,870d21ac1ed82b572f512d56c83f8c04_llama2-70b,89
A3HX4G5VCYNE6G,44701d7f1144f60929701fbaeefe8415_llama2-70b,54
A3HX4G5VCYNE6G,7b6c86dee31757abd4e0638e90adbe09_llama2-70b,82
A3HX4G5VCYNE6G,a020dac9dcff53d143165d7a465aa0f9_llama2-70b,88
A3HX4G5VCYNE6G,dd1b6f76641236daf7e81542e99c42db_llama2-70b,10
A3HX4G5VCYNE6G,1420df045728c9f0cd0be4605734a3b0_llama2-70b,88
A3HX4G5VCYNE6G,29e542006ba432a0caf10947b672c7d0_llama2-70b,89
A3HX4G5VCYNE6G,bd7efc7c7481055ccb4ee2cf78bf3034_llama2-70b,85
A3HX4G5VCYNE6G,e9de43e464b2a30e6859c2dd36f932f5_llama2-70b,83
A1UXDQOWR6B0D1,61dcc08cdd85688e0f1a137036c89b74_gpt35,89
A1UXDQOWR6B0D1,89d71943b387e6d5b70438ffa3dd8925_gpt35,63
A1UXDQOWR6B0D1,bbeddfca550988ff6bddfc246c2e4436_gpt35,84
A1UXDQOWR6B0D1,dedfd06ec00b86a90417aec111fce87f_gpt35,44
A1UXDQOWR6B0D1,0bede8b87fbe1b9a62d1af8c72803e89_gpt35,83
A1UXDQOWR6B0D1,9d297e57c5a58599a68033e3af37e721_gpt35,96
A1UXDQOWR6B0D1,bad4aad54dcb14c4092b4174907aced3_gpt35,45
A1UXDQOWR6B0D1,e18a61f69136d4c282b2ee9edbf3b262_gpt35,84
A1UXDQOWR6B0D1,0ade2de640abfd04af9a76be01ba94c4_llama2-70b,13
A1UXDQOWR6B0D1,af9364c977f77e4401abf3d95e2c3801_llama2-70b,81
A1UXDQOWR6B0D1,b4148c64908a5314ee3a659faf3f9316_llama2-70b,69
A1UXDQOWR6B0D1,f4bc79b0f94a5a31515637894b02fc95_llama2-70b,78
A1UXDQOWR6B0D1,44701d7f1144f60929701fbaeefe8415_llama2-70b,40
A1UXDQOWR6B0D1,7b6c86dee31757abd4e0638e90adbe09_llama2-70b,33
A1UXDQOWR6B0D1,a020dac9dcff53d143165d7a465aa0f9_llama2-70b,55
A1UXDQOWR6B0D1,dd1b6f76641236daf7e81542e99c42db_llama2-70b,100
A1UXDQOWR6B0D1,0bede8b87fbe1b9a62d1af8c72803e89_llama2-70b,73
A1UXDQOWR6B0D1,9d297e57c5a58599a68033e3af37e721_llama2-70b,73
A1UXDQOWR6B0D1,bad4aad54dcb14c4092b4174907aced3_llama2-70b,70
A1UXDQOWR6B0D1,e18a61f69136d4c282b2ee9edbf3b262_llama2-70b,71
A3DJUABETF36E0,2bc427132b3b9dbaa43736e7e2cb2603_llama2-70b,76
A3DJUABETF36E0,4cb7fe2dfb58d174858d4596b3aec6a2_llama2-70b,62
A3DJUABETF36E0,81b3c275e5a74cb281b6cd5d7e6fa96d_llama2-70b,66
A3DJUABETF36E0,cae9822a12f331778e86ec7b161a0e33_llama2-70b,75
A3DJUABETF36E0,51de654e6985688b6997077739cd59c2_llama2-70b,68
A3DJUABETF36E0,51f07ffd318edcddfa2f7fb6103c14da_llama2-70b,70
A3DJUABETF36E0,946ef47a2bdfd2b63c751c35ee67a82c_llama2-70b,74
A3DJUABETF36E0,d88e9532b4922da6ecb543c4e4bc828f_llama2-70b,66
A3DJUABETF36E0,49e09e38e4f5e1dc8a1afe3bc1a47455_llama2-70b,69
A3DJUABETF36E0,5fcea8dc3a3a4f89f589333d3acf453f_llama2-70b,77
A3DJUABETF36E0,8bac6425b0e1af9936b4567c849a4b2e_llama2-70b,66
A3DJUABETF36E0,fa0d4324a6b40ff0b67e2fe7615125fe_llama2-70b,76
AZNVIA5H3IMSL,42dba2241ed1ef7e6c707aaa61e3aff2_llama2-70b,68
AZNVIA5H3IMSL,50337af9e43e1c0443c712671b753a99_llama2-70b,37
AZNVIA5H3IMSL,530a094b9fbf479c784a1ce67e47c6b4_llama2-70b,75
AZNVIA5H3IMSL,b9ea41b22f020eff5ea1f09507904630_llama2-70b,74
AZNVIA5H3IMSL,35054e8285636c8d9d94f73635f3fad2_llama2-70b,80
AZNVIA5H3IMSL,82f2cb3c64ef3da58f0295b90f087d2e_llama2-70b,74
AZNVIA5H3IMSL,898cf5f1aa59c0bfdf9bbb18d0c7a6e6_llama2-70b,71
AZNVIA5H3IMSL,b6f5d0b8201786f2277379237d8954b7_llama2-70b,60
A1JE5EM1XPCE7U,0883e481739f6ebfe3a2c564153e94a5_llama2-70b,12
A1JE5EM1XPCE7U,5b10b998f02dd8314afe487bab53626a_llama2-70b,89
A1JE5EM1XPCE7U,7202fca7eaec1f583cd2000c2d71c2d7_llama2-70b,86
A1JE5EM1XPCE7U,89694e30b2b62b5a646a0ed9cbc38788_llama2-70b,89
A1JE5EM1XPCE7U,a49551f75da3400d4e394ff9ec0de104_llama2-70b,88
A1JE5EM1XPCE7U,bddbb16d7f0f1189e10c31c8d7eb219f_llama2-70b,87
A1JE5EM1XPCE7U,e2f329ba8673600592e1cec1826d0233_llama2-70b,87
A1JE5EM1XPCE7U,e66f6ad36cd11d1ffd60f4454c8b17dc_llama2-70b,91
A1JE5EM1XPCE7U,61dcc08cdd85688e0f1a137036c89b74_llama2-70b,11
A1JE5EM1XPCE7U,89d71943b387e6d5b70438ffa3dd8925_llama2-70b,87
A1JE5EM1XPCE7U,bbeddfca550988ff6bddfc246c2e4436_llama2-70b,87
A1JE5EM1XPCE7U,dedfd06ec00b86a90417aec111fce87f_llama2-70b,85
